group,experiment,sequence,qp,bitrate_kbps,psnrY_dB,log
speed_add,ADD_LCTUFast,BQTerrace_1920x1080_60,27,8709.78,35.636849999999995,C:\Users\LQ Duy\Documents\Project\VideoCoding\VVCSoftware_VTM\analyze\runs_out_ablation\COARSE\speed_add\ADD_LCTUFast\BQTerrace_1920x1080_60\QP27\BQTerrace_1920x1080_60_QP27.log
speed_add,ADD_LCTUFast,BQTerrace_1920x1080_60,32,4419.6,34.131675,C:\Users\LQ Duy\Documents\Project\VideoCoding\VVCSoftware_VTM\analyze\runs_out_ablation\COARSE\speed_add\ADD_LCTUFast\BQTerrace_1920x1080_60\QP32\BQTerrace_1920x1080_60_QP32.log
speed_add,ADD_LCTUFast,BQTerrace_1920x1080_60,37,2357.22,32.26374375,C:\Users\LQ Duy\Documents\Project\VideoCoding\VVCSoftware_VTM\analyze\runs_out_ablation\COARSE\speed_add\ADD_LCTUFast\BQTerrace_1920x1080_60\QP37\BQTerrace_1920x1080_60_QP37.log
speed_add,ADD_LCTUFast,BlowingBubbles_416x240_50,27,746.525,35.66253125,C:\Users\LQ Duy\Documents\Project\VideoCoding\VVCSoftware_VTM\analyze\runs_out_ablation\COARSE\speed_add\ADD_LCTUFast\BlowingBubbles_416x240_50\QP27\BlowingBubbles_416x240_50_QP27.log
speed_add,ADD_LCTUFast,BlowingBubbles_416x240_50,32,394.975,32.85503125,C:\Users\LQ Duy\Documents\Project\VideoCoding\VVCSoftware_VTM\analyze\runs_out_ablation\COARSE\speed_add\ADD_LCTUFast\BlowingBubbles_416x240_50\QP32\BlowingBubbles_416x240_50_QP32.log
speed_add,ADD_LCTUFast,BlowingBubbles_416x240_50,37,206.325,30.3198875,C:\Users\LQ Duy\Documents\Project\VideoCoding\VVCSoftware_VTM\analyze\runs_out_ablation\COARSE\speed_add\ADD_LCTUFast\BlowingBubbles_416x240_50\QP37\BlowingBubbles_416x240_50_QP37.log
speed_add,ADD_LCTUFast,BasketballPass_416x240_50,27,452.95,38.87681875,C:\Users\LQ Duy\Documents\Project\VideoCoding\VVCSoftware_VTM\analyze\runs_out_ablation\COARSE\speed_add\ADD_LCTUFast\BasketballPass_416x240_50\QP27\BasketballPass_416x240_50_QP27.log
speed_add,ADD_LCTUFast,BasketballPass_416x240_50,32,243.225,35.57781875,C:\Users\LQ Duy\Documents\Project\VideoCoding\VVCSoftware_VTM\analyze\runs_out_ablation\COARSE\speed_add\ADD_LCTUFast\BasketballPass_416x240_50\QP32\BasketballPass_416x240_50_QP32.log
speed_add,ADD_LCTUFast,BasketballPass_416x240_50,37,132.9,32.85328125,C:\Users\LQ Duy\Documents\Project\VideoCoding\VVCSoftware_VTM\analyze\runs_out_ablation\COARSE\speed_add\ADD_LCTUFast\BasketballPass_416x240_50\QP37\BasketballPass_416x240_50_QP37.log
speed_add,ADD_LCTUFast,BasketballDrive_1920x1080_50,27,3718.325,38.88678125,C:\Users\LQ Duy\Documents\Project\VideoCoding\VVCSoftware_VTM\analyze\runs_out_ablation\COARSE\speed_add\ADD_LCTUFast\BasketballDrive_1920x1080_50\QP27\BasketballDrive_1920x1080_50_QP27.log
speed_add,ADD_LCTUFast,BasketballDrive_1920x1080_50,32,1936.725,37.560975,C:\Users\LQ Duy\Documents\Project\VideoCoding\VVCSoftware_VTM\analyze\runs_out_ablation\COARSE\speed_add\ADD_LCTUFast\BasketballDrive_1920x1080_50\QP32\BasketballDrive_1920x1080_50_QP32.log
speed_add,ADD_LCTUFast,BasketballDrive_1920x1080_50,37,1046.125,35.84273125,C:\Users\LQ Duy\Documents\Project\VideoCoding\VVCSoftware_VTM\analyze\runs_out_ablation\COARSE\speed_add\ADD_LCTUFast\BasketballDrive_1920x1080_50\QP37\BasketballDrive_1920x1080_50_QP37.log
speed_add,ADD_LCTUFast,BasketballDrill_832x480_50,27,6275.15,36.23859375,C:\Users\LQ Duy\Documents\Project\VideoCoding\VVCSoftware_VTM\analyze\runs_out_ablation\COARSE\speed_add\ADD_LCTUFast\BasketballDrill_832x480_50\QP27\BasketballDrill_832x480_50_QP27.log
speed_add,ADD_LCTUFast,BasketballDrill_832x480_50,32,3360.55,32.77019375,C:\Users\LQ Duy\Documents\Project\VideoCoding\VVCSoftware_VTM\analyze\runs_out_ablation\COARSE\speed_add\ADD_LCTUFast\BasketballDrill_832x480_50\QP32\BasketballDrill_832x480_50_QP32.log
speed_add,ADD_LCTUFast,BasketballDrill_832x480_50,37,1730.55,29.8205125,C:\Users\LQ Duy\Documents\Project\VideoCoding\VVCSoftware_VTM\analyze\runs_out_ablation\COARSE\speed_add\ADD_LCTUFast\BasketballDrill_832x480_50\QP37\BasketballDrill_832x480_50_QP37.log
speed_add,ADD_FEN,BQTerrace_1920x1080_60,27,8709.78,35.636849999999995,C:\Users\LQ Duy\Documents\Project\VideoCoding\VVCSoftware_VTM\analyze\runs_out_ablation\COARSE\speed_add\ADD_FEN\BQTerrace_1920x1080_60\QP27\BQTerrace_1920x1080_60_QP27.log
speed_add,ADD_FEN,BQTerrace_1920x1080_60,32,4419.6,34.131675,C:\Users\LQ Duy\Documents\Project\VideoCoding\VVCSoftware_VTM\analyze\runs_out_ablation\COARSE\speed_add\ADD_FEN\BQTerrace_1920x1080_60\QP32\BQTerrace_1920x1080_60_QP32.log
speed_add,ADD_FEN,BQTerrace_1920x1080_60,37,2357.22,32.26374375,C:\Users\LQ Duy\Documents\Project\VideoCoding\VVCSoftware_VTM\analyze\runs_out_ablation\COARSE\speed_add\ADD_FEN\BQTerrace_1920x1080_60\QP37\BQTerrace_1920x1080_60_QP37.log
speed_add,ADD_FEN,BlowingBubbles_416x240_50,27,746.525,35.66253125,C:\Users\LQ Duy\Documents\Project\VideoCoding\VVCSoftware_VTM\analyze\runs_out_ablation\COARSE\speed_add\ADD_FEN\BlowingBubbles_416x240_50\QP27\BlowingBubbles_416x240_50_QP27.log
speed_add,ADD_FEN,BlowingBubbles_416x240_50,32,394.975,32.85503125,C:\Users\LQ Duy\Documents\Project\VideoCoding\VVCSoftware_VTM\analyze\runs_out_ablation\COARSE\speed_add\ADD_FEN\BlowingBubbles_416x240_50\QP32\BlowingBubbles_416x240_50_QP32.log
speed_add,ADD_FEN,BlowingBubbles_416x240_50,37,206.325,30.3198875,C:\Users\LQ Duy\Documents\Project\VideoCoding\VVCSoftware_VTM\analyze\runs_out_ablation\COARSE\speed_add\ADD_FEN\BlowingBubbles_416x240_50\QP37\BlowingBubbles_416x240_50_QP37.log
speed_add,ADD_FEN,BasketballPass_416x240_50,27,452.95,38.87681875,C:\Users\LQ Duy\Documents\Project\VideoCoding\VVCSoftware_VTM\analyze\runs_out_ablation\COARSE\speed_add\ADD_FEN\BasketballPass_416x240_50\QP27\BasketballPass_416x240_50_QP27.log
speed_add,ADD_FEN,BasketballPass_416x240_50,32,243.225,35.57781875,C:\Users\LQ Duy\Documents\Project\VideoCoding\VVCSoftware_VTM\analyze\runs_out_ablation\COARSE\speed_add\ADD_FEN\BasketballPass_416x240_50\QP32\BasketballPass_416x240_50_QP32.log
speed_add,ADD_FEN,BasketballPass_416x240_50,37,132.9,32.85328125,C:\Users\LQ Duy\Documents\Project\VideoCoding\VVCSoftware_VTM\analyze\runs_out_ablation\COARSE\speed_add\ADD_FEN\BasketballPass_416x240_50\QP37\BasketballPass_416x240_50_QP37.log
speed_add,ADD_FEN,BasketballDrive_1920x1080_50,27,3718.325,38.88678125,C:\Users\LQ Duy\Documents\Project\VideoCoding\VVCSoftware_VTM\analyze\runs_out_ablation\COARSE\speed_add\ADD_FEN\BasketballDrive_1920x1080_50\QP27\BasketballDrive_1920x1080_50_QP27.log
speed_add,ADD_FEN,BasketballDrive_1920x1080_50,32,1936.725,37.560975,C:\Users\LQ Duy\Documents\Project\VideoCoding\VVCSoftware_VTM\analyze\runs_out_ablation\COARSE\speed_add\ADD_FEN\BasketballDrive_1920x1080_50\QP32\BasketballDrive_1920x1080_50_QP32.log
speed_add,ADD_FEN,BasketballDrive_1920x1080_50,37,1046.125,35.84273125,C:\Users\LQ Duy\Documents\Project\VideoCoding\VVCSoftware_VTM\analyze\runs_out_ablation\COARSE\speed_add\ADD_FEN\BasketballDrive_1920x1080_50\QP37\BasketballDrive_1920x1080_50_QP37.log
speed_add,ADD_FEN,BasketballDrill_832x480_50,27,6275.15,36.23859375,C:\Users\LQ Duy\Documents\Project\VideoCoding\VVCSoftware_VTM\analyze\runs_out_ablation\COARSE\speed_add\ADD_FEN\BasketballDrill_832x480_50\QP27\BasketballDrill_832x480_50_QP27.log
speed_add,ADD_FEN,BasketballDrill_832x480_50,32,3360.55,32.77019375,C:\Users\LQ Duy\Documents\Project\VideoCoding\VVCSoftware_VTM\analyze\runs_out_ablation\COARSE\speed_add\ADD_FEN\BasketballDrill_832x480_50\QP32\BasketballDrill_832x480_50_QP32.log
speed_add,ADD_FEN,BasketballDrill_832x480_50,37,1730.55,29.8205125,C:\Users\LQ Duy\Documents\Project\VideoCoding\VVCSoftware_VTM\analyze\runs_out_ablation\COARSE\speed_add\ADD_FEN\BasketballDrill_832x480_50\QP37\BasketballDrill_832x480_50_QP37.log
speed_add,ADD_FDM,BQTerrace_1920x1080_60,27,8709.78,35.636849999999995,C:\Users\LQ Duy\Documents\Project\VideoCoding\VVCSoftware_VTM\analyze\runs_out_ablation\COARSE\speed_add\ADD_FDM\BQTerrace_1920x1080_60\QP27\BQTerrace_1920x1080_60_QP27.log
speed_add,ADD_FDM,BQTerrace_1920x1080_60,32,4419.6,34.131675,C:\Users\LQ Duy\Documents\Project\VideoCoding\VVCSoftware_VTM\analyze\runs_out_ablation\COARSE\speed_add\ADD_FDM\BQTerrace_1920x1080_60\QP32\BQTerrace_1920x1080_60_QP32.log
speed_add,ADD_FDM,BQTerrace_1920x1080_60,37,2357.22,32.26374375,C:\Users\LQ Duy\Documents\Project\VideoCoding\VVCSoftware_VTM\analyze\runs_out_ablation\COARSE\speed_add\ADD_FDM\BQTerrace_1920x1080_60\QP37\BQTerrace_1920x1080_60_QP37.log
speed_add,ADD_FDM,BlowingBubbles_416x240_50,27,746.525,35.66253125,C:\Users\LQ Duy\Documents\Project\VideoCoding\VVCSoftware_VTM\analyze\runs_out_ablation\COARSE\speed_add\ADD_FDM\BlowingBubbles_416x240_50\QP27\BlowingBubbles_416x240_50_QP27.log
speed_add,ADD_FDM,BlowingBubbles_416x240_50,32,394.975,32.85503125,C:\Users\LQ Duy\Documents\Project\VideoCoding\VVCSoftware_VTM\analyze\runs_out_ablation\COARSE\speed_add\ADD_FDM\BlowingBubbles_416x240_50\QP32\BlowingBubbles_416x240_50_QP32.log
speed_add,ADD_FDM,BlowingBubbles_416x240_50,37,206.325,30.3198875,C:\Users\LQ Duy\Documents\Project\VideoCoding\VVCSoftware_VTM\analyze\runs_out_ablation\COARSE\speed_add\ADD_FDM\BlowingBubbles_416x240_50\QP37\BlowingBubbles_416x240_50_QP37.log
speed_add,ADD_FDM,BasketballPass_416x240_50,27,452.95,38.87681875,C:\Users\LQ Duy\Documents\Project\VideoCoding\VVCSoftware_VTM\analyze\runs_out_ablation\COARSE\speed_add\ADD_FDM\BasketballPass_416x240_50\QP27\BasketballPass_416x240_50_QP27.log
speed_add,ADD_FDM,BasketballPass_416x240_50,32,243.225,35.57781875,C:\Users\LQ Duy\Documents\Project\VideoCoding\VVCSoftware_VTM\analyze\runs_out_ablation\COARSE\speed_add\ADD_FDM\BasketballPass_416x240_50\QP32\BasketballPass_416x240_50_QP32.log
speed_add,ADD_FDM,BasketballPass_416x240_50,37,132.9,32.85328125,C:\Users\LQ Duy\Documents\Project\VideoCoding\VVCSoftware_VTM\analyze\runs_out_ablation\COARSE\speed_add\ADD_FDM\BasketballPass_416x240_50\QP37\BasketballPass_416x240_50_QP37.log
speed_add,ADD_FDM,BasketballDrive_1920x1080_50,27,3718.325,38.88678125,C:\Users\LQ Duy\Documents\Project\VideoCoding\VVCSoftware_VTM\analyze\runs_out_ablation\COARSE\speed_add\ADD_FDM\BasketballDrive_1920x1080_50\QP27\BasketballDrive_1920x1080_50_QP27.log
speed_add,ADD_FDM,BasketballDrive_1920x1080_50,32,1936.725,37.560975,C:\Users\LQ Duy\Documents\Project\VideoCoding\VVCSoftware_VTM\analyze\runs_out_ablation\COARSE\speed_add\ADD_FDM\BasketballDrive_1920x1080_50\QP32\BasketballDrive_1920x1080_50_QP32.log
speed_add,ADD_FDM,BasketballDrive_1920x1080_50,37,1046.125,35.84273125,C:\Users\LQ Duy\Documents\Project\VideoCoding\VVCSoftware_VTM\analyze\runs_out_ablation\COARSE\speed_add\ADD_FDM\BasketballDrive_1920x1080_50\QP37\BasketballDrive_1920x1080_50_QP37.log
speed_add,ADD_FDM,BasketballDrill_832x480_50,27,6275.15,36.23859375,C:\Users\LQ Duy\Documents\Project\VideoCoding\VVCSoftware_VTM\analyze\runs_out_ablation\COARSE\speed_add\ADD_FDM\BasketballDrill_832x480_50\QP27\BasketballDrill_832x480_50_QP27.log
speed_add,ADD_FDM,BasketballDrill_832x480_50,32,3360.55,32.77019375,C:\Users\LQ Duy\Documents\Project\VideoCoding\VVCSoftware_VTM\analyze\runs_out_ablation\COARSE\speed_add\ADD_FDM\BasketballDrill_832x480_50\QP32\BasketballDrill_832x480_50_QP32.log
speed_add,ADD_FDM,BasketballDrill_832x480_50,37,1730.55,29.8205125,C:\Users\LQ Duy\Documents\Project\VideoCoding\VVCSoftware_VTM\analyze\runs_out_ablation\COARSE\speed_add\ADD_FDM\BasketballDrill_832x480_50\QP37\BasketballDrill_832x480_50_QP37.log
speed_add,ADD_FastSearch,BQTerrace_1920x1080_60,27,8709.78,35.636849999999995,C:\Users\LQ Duy\Documents\Project\VideoCoding\VVCSoftware_VTM\analyze\runs_out_ablation\COARSE\speed_add\ADD_FastSearch\BQTerrace_1920x1080_60\QP27\BQTerrace_1920x1080_60_QP27.log
speed_add,ADD_FastSearch,BQTerrace_1920x1080_60,32,4419.6,34.131675,C:\Users\LQ Duy\Documents\Project\VideoCoding\VVCSoftware_VTM\analyze\runs_out_ablation\COARSE\speed_add\ADD_FastSearch\BQTerrace_1920x1080_60\QP32\BQTerrace_1920x1080_60_QP32.log
speed_add,ADD_FastSearch,BQTerrace_1920x1080_60,37,2357.22,32.26374375,C:\Users\LQ Duy\Documents\Project\VideoCoding\VVCSoftware_VTM\analyze\runs_out_ablation\COARSE\speed_add\ADD_FastSearch\BQTerrace_1920x1080_60\QP37\BQTerrace_1920x1080_60_QP37.log
speed_add,ADD_FastSearch,BlowingBubbles_416x240_50,27,746.525,35.66253125,C:\Users\LQ Duy\Documents\Project\VideoCoding\VVCSoftware_VTM\analyze\runs_out_ablation\COARSE\speed_add\ADD_FastSearch\BlowingBubbles_416x240_50\QP27\BlowingBubbles_416x240_50_QP27.log
speed_add,ADD_FastSearch,BlowingBubbles_416x240_50,32,394.975,32.85503125,C:\Users\LQ Duy\Documents\Project\VideoCoding\VVCSoftware_VTM\analyze\runs_out_ablation\COARSE\speed_add\ADD_FastSearch\BlowingBubbles_416x240_50\QP32\BlowingBubbles_416x240_50_QP32.log
speed_add,ADD_FastSearch,BlowingBubbles_416x240_50,37,206.325,30.3198875,C:\Users\LQ Duy\Documents\Project\VideoCoding\VVCSoftware_VTM\analyze\runs_out_ablation\COARSE\speed_add\ADD_FastSearch\BlowingBubbles_416x240_50\QP37\BlowingBubbles_416x240_50_QP37.log
speed_add,ADD_FastSearch,BasketballPass_416x240_50,27,452.95,38.87681875,C:\Users\LQ Duy\Documents\Project\VideoCoding\VVCSoftware_VTM\analyze\runs_out_ablation\COARSE\speed_add\ADD_FastSearch\BasketballPass_416x240_50\QP27\BasketballPass_416x240_50_QP27.log
speed_add,ADD_FastSearch,BasketballPass_416x240_50,32,243.225,35.57781875,C:\Users\LQ Duy\Documents\Project\VideoCoding\VVCSoftware_VTM\analyze\runs_out_ablation\COARSE\speed_add\ADD_FastSearch\BasketballPass_416x240_50\QP32\BasketballPass_416x240_50_QP32.log
speed_add,ADD_FastSearch,BasketballPass_416x240_50,37,132.9,32.85328125,C:\Users\LQ Duy\Documents\Project\VideoCoding\VVCSoftware_VTM\analyze\runs_out_ablation\COARSE\speed_add\ADD_FastSearch\BasketballPass_416x240_50\QP37\BasketballPass_416x240_50_QP37.log
speed_add,ADD_FastSearch,BasketballDrive_1920x1080_50,27,3718.325,38.88678125,C:\Users\LQ Duy\Documents\Project\VideoCoding\VVCSoftware_VTM\analyze\runs_out_ablation\COARSE\speed_add\ADD_FastSearch\BasketballDrive_1920x1080_50\QP27\BasketballDrive_1920x1080_50_QP27.log
speed_add,ADD_FastSearch,BasketballDrive_1920x1080_50,32,1936.725,37.560975,C:\Users\LQ Duy\Documents\Project\VideoCoding\VVCSoftware_VTM\analyze\runs_out_ablation\COARSE\speed_add\ADD_FastSearch\BasketballDrive_1920x1080_50\QP32\BasketballDrive_1920x1080_50_QP32.log
speed_add,ADD_FastSearch,BasketballDrive_1920x1080_50,37,1046.125,35.84273125,C:\Users\LQ Duy\Documents\Project\VideoCoding\VVCSoftware_VTM\analyze\runs_out_ablation\COARSE\speed_add\ADD_FastSearch\BasketballDrive_1920x1080_50\QP37\BasketballDrive_1920x1080_50_QP37.log
speed_add,ADD_FastSearch,BasketballDrill_832x480_50,27,6275.15,36.23859375,C:\Users\LQ Duy\Documents\Project\VideoCoding\VVCSoftware_VTM\analyze\runs_out_ablation\COARSE\speed_add\ADD_FastSearch\BasketballDrill_832x480_50\QP27\BasketballDrill_832x480_50_QP27.log
speed_add,ADD_FastSearch,BasketballDrill_832x480_50,32,3360.55,32.77019375,C:\Users\LQ Duy\Documents\Project\VideoCoding\VVCSoftware_VTM\analyze\runs_out_ablation\COARSE\speed_add\ADD_FastSearch\BasketballDrill_832x480_50\QP32\BasketballDrill_832x480_50_QP32.log
speed_add,ADD_FastSearch,BasketballDrill_832x480_50,37,1730.55,29.8205125,C:\Users\LQ Duy\Documents\Project\VideoCoding\VVCSoftware_VTM\analyze\runs_out_ablation\COARSE\speed_add\ADD_FastSearch\BasketballDrill_832x480_50\QP37\BasketballDrill_832x480_50_QP37.log
speed_add,ADD_FastMrg,BQTerrace_1920x1080_60,27,8709.78,35.636849999999995,C:\Users\LQ Duy\Documents\Project\VideoCoding\VVCSoftware_VTM\analyze\runs_out_ablation\COARSE\speed_add\ADD_FastMrg\BQTerrace_1920x1080_60\QP27\BQTerrace_1920x1080_60_QP27.log
speed_add,ADD_FastMrg,BQTerrace_1920x1080_60,32,4419.6,34.131675,C:\Users\LQ Duy\Documents\Project\VideoCoding\VVCSoftware_VTM\analyze\runs_out_ablation\COARSE\speed_add\ADD_FastMrg\BQTerrace_1920x1080_60\QP32\BQTerrace_1920x1080_60_QP32.log
speed_add,ADD_FastMrg,BQTerrace_1920x1080_60,37,2357.22,32.26374375,C:\Users\LQ Duy\Documents\Project\VideoCoding\VVCSoftware_VTM\analyze\runs_out_ablation\COARSE\speed_add\ADD_FastMrg\BQTerrace_1920x1080_60\QP37\BQTerrace_1920x1080_60_QP37.log
speed_add,ADD_FastMrg,BlowingBubbles_416x240_50,27,746.525,35.66253125,C:\Users\LQ Duy\Documents\Project\VideoCoding\VVCSoftware_VTM\analyze\runs_out_ablation\COARSE\speed_add\ADD_FastMrg\BlowingBubbles_416x240_50\QP27\BlowingBubbles_416x240_50_QP27.log
speed_add,ADD_FastMrg,BlowingBubbles_416x240_50,32,394.975,32.85503125,C:\Users\LQ Duy\Documents\Project\VideoCoding\VVCSoftware_VTM\analyze\runs_out_ablation\COARSE\speed_add\ADD_FastMrg\BlowingBubbles_416x240_50\QP32\BlowingBubbles_416x240_50_QP32.log
speed_add,ADD_FastMrg,BlowingBubbles_416x240_50,37,206.325,30.3198875,C:\Users\LQ Duy\Documents\Project\VideoCoding\VVCSoftware_VTM\analyze\runs_out_ablation\COARSE\speed_add\ADD_FastMrg\BlowingBubbles_416x240_50\QP37\BlowingBubbles_416x240_50_QP37.log
speed_add,ADD_FastMrg,BasketballPass_416x240_50,27,452.95,38.87681875,C:\Users\LQ Duy\Documents\Project\VideoCoding\VVCSoftware_VTM\analyze\runs_out_ablation\COARSE\speed_add\ADD_FastMrg\BasketballPass_416x240_50\QP27\BasketballPass_416x240_50_QP27.log
speed_add,ADD_FastMrg,BasketballPass_416x240_50,32,243.225,35.57781875,C:\Users\LQ Duy\Documents\Project\VideoCoding\VVCSoftware_VTM\analyze\runs_out_ablation\COARSE\speed_add\ADD_FastMrg\BasketballPass_416x240_50\QP32\BasketballPass_416x240_50_QP32.log
speed_add,ADD_FastMrg,BasketballPass_416x240_50,37,132.9,32.85328125,C:\Users\LQ Duy\Documents\Project\VideoCoding\VVCSoftware_VTM\analyze\runs_out_ablation\COARSE\speed_add\ADD_FastMrg\BasketballPass_416x240_50\QP37\BasketballPass_416x240_50_QP37.log
speed_add,ADD_FastMrg,BasketballDrive_1920x1080_50,27,3718.325,38.88678125,C:\Users\LQ Duy\Documents\Project\VideoCoding\VVCSoftware_VTM\analyze\runs_out_ablation\COARSE\speed_add\ADD_FastMrg\BasketballDrive_1920x1080_50\QP27\BasketballDrive_1920x1080_50_QP27.log
speed_add,ADD_FastMrg,BasketballDrive_1920x1080_50,32,1936.725,37.560975,C:\Users\LQ Duy\Documents\Project\VideoCoding\VVCSoftware_VTM\analyze\runs_out_ablation\COARSE\speed_add\ADD_FastMrg\BasketballDrive_1920x1080_50\QP32\BasketballDrive_1920x1080_50_QP32.log
speed_add,ADD_FastMrg,BasketballDrive_1920x1080_50,37,1046.125,35.84273125,C:\Users\LQ Duy\Documents\Project\VideoCoding\VVCSoftware_VTM\analyze\runs_out_ablation\COARSE\speed_add\ADD_FastMrg\BasketballDrive_1920x1080_50\QP37\BasketballDrive_1920x1080_50_QP37.log
speed_add,ADD_FastMrg,BasketballDrill_832x480_50,27,6275.15,36.23859375,C:\Users\LQ Duy\Documents\Project\VideoCoding\VVCSoftware_VTM\analyze\runs_out_ablation\COARSE\speed_add\ADD_FastMrg\BasketballDrill_832x480_50\QP27\BasketballDrill_832x480_50_QP27.log
speed_add,ADD_FastMrg,BasketballDrill_832x480_50,32,3360.55,32.77019375,C:\Users\LQ Duy\Documents\Project\VideoCoding\VVCSoftware_VTM\analyze\runs_out_ablation\COARSE\speed_add\ADD_FastMrg\BasketballDrill_832x480_50\QP32\BasketballDrill_832x480_50_QP32.log
speed_add,ADD_FastMrg,BasketballDrill_832x480_50,37,1730.55,29.8205125,C:\Users\LQ Duy\Documents\Project\VideoCoding\VVCSoftware_VTM\analyze\runs_out_ablation\COARSE\speed_add\ADD_FastMrg\BasketballDrill_832x480_50\QP37\BasketballDrill_832x480_50_QP37.log
speed_ablate,ABLATE_LCTUFast,BQTerrace_1920x1080_60,27,8711.19,35.640581250000004,C:\Users\LQ Duy\Documents\Project\VideoCoding\VVCSoftware_VTM\analyze\runs_out_ablation\COARSE\speed_ablate\ABLATE_LCTUFast\BQTerrace_1920x1080_60\QP27\BQTerrace_1920x1080_60_QP27.log
speed_ablate,ABLATE_LCTUFast,BQTerrace_1920x1080_60,32,4417.47,34.125475,C:\Users\LQ Duy\Documents\Project\VideoCoding\VVCSoftware_VTM\analyze\runs_out_ablation\COARSE\speed_ablate\ABLATE_LCTUFast\BQTerrace_1920x1080_60\QP32\BQTerrace_1920x1080_60_QP32.log
speed_ablate,ABLATE_LCTUFast,BQTerrace_1920x1080_60,37,2363.52,32.2745875,C:\Users\LQ Duy\Documents\Project\VideoCoding\VVCSoftware_VTM\analyze\runs_out_ablation\COARSE\speed_ablate\ABLATE_LCTUFast\BQTerrace_1920x1080_60\QP37\BQTerrace_1920x1080_60_QP37.log
speed_ablate,ABLATE_LCTUFast,BlowingBubbles_416x240_50,27,746.9,35.6606375,C:\Users\LQ Duy\Documents\Project\VideoCoding\VVCSoftware_VTM\analyze\runs_out_ablation\COARSE\speed_ablate\ABLATE_LCTUFast\BlowingBubbles_416x240_50\QP27\BlowingBubbles_416x240_50_QP27.log
speed_ablate,ABLATE_LCTUFast,BlowingBubbles_416x240_50,32,394.975,32.85503125,C:\Users\LQ Duy\Documents\Project\VideoCoding\VVCSoftware_VTM\analyze\runs_out_ablation\COARSE\speed_ablate\ABLATE_LCTUFast\BlowingBubbles_416x240_50\QP32\BlowingBubbles_416x240_50_QP32.log
speed_ablate,ABLATE_LCTUFast,BlowingBubbles_416x240_50,37,206.6,30.3301125,C:\Users\LQ Duy\Documents\Project\VideoCoding\VVCSoftware_VTM\analyze\runs_out_ablation\COARSE\speed_ablate\ABLATE_LCTUFast\BlowingBubbles_416x240_50\QP37\BlowingBubbles_416x240_50_QP37.log
speed_ablate,ABLATE_LCTUFast,BasketballPass_416x240_50,27,452.425,38.85934375,C:\Users\LQ Duy\Documents\Project\VideoCoding\VVCSoftware_VTM\analyze\runs_out_ablation\COARSE\speed_ablate\ABLATE_LCTUFast\BasketballPass_416x240_50\QP27\BasketballPass_416x240_50_QP27.log
speed_ablate,ABLATE_LCTUFast,BasketballPass_416x240_50,32,245.275,35.634325,C:\Users\LQ Duy\Documents\Project\VideoCoding\VVCSoftware_VTM\analyze\runs_out_ablation\COARSE\speed_ablate\ABLATE_LCTUFast\BasketballPass_416x240_50\QP32\BasketballPass_416x240_50_QP32.log
speed_ablate,ABLATE_LCTUFast,BasketballPass_416x240_50,37,133.15,32.86149375,C:\Users\LQ Duy\Documents\Project\VideoCoding\VVCSoftware_VTM\analyze\runs_out_ablation\COARSE\speed_ablate\ABLATE_LCTUFast\BasketballPass_416x240_50\QP37\BasketballPass_416x240_50_QP37.log
speed_ablate,ABLATE_LCTUFast,BasketballDrive_1920x1080_50,27,3710.0,38.88076875,C:\Users\LQ Duy\Documents\Project\VideoCoding\VVCSoftware_VTM\analyze\runs_out_ablation\COARSE\speed_ablate\ABLATE_LCTUFast\BasketballDrive_1920x1080_50\QP27\BasketballDrive_1920x1080_50_QP27.log
speed_ablate,ABLATE_LCTUFast,BasketballDrive_1920x1080_50,32,1937.95,37.54460625,C:\Users\LQ Duy\Documents\Project\VideoCoding\VVCSoftware_VTM\analyze\runs_out_ablation\COARSE\speed_ablate\ABLATE_LCTUFast\BasketballDrive_1920x1080_50\QP32\BasketballDrive_1920x1080_50_QP32.log
speed_ablate,ABLATE_LCTUFast,BasketballDrive_1920x1080_50,37,1043.05,35.84065,C:\Users\LQ Duy\Documents\Project\VideoCoding\VVCSoftware_VTM\analyze\runs_out_ablation\COARSE\speed_ablate\ABLATE_LCTUFast\BasketballDrive_1920x1080_50\QP37\BasketballDrive_1920x1080_50_QP37.log
speed_ablate,ABLATE_LCTUFast,BasketballDrill_832x480_50,27,6281.45,36.23716875,C:\Users\LQ Duy\Documents\Project\VideoCoding\VVCSoftware_VTM\analyze\runs_out_ablation\COARSE\speed_ablate\ABLATE_LCTUFast\BasketballDrill_832x480_50\QP27\BasketballDrill_832x480_50_QP27.log
speed_ablate,ABLATE_LCTUFast,BasketballDrill_832x480_50,32,3366.75,32.7796875,C:\Users\LQ Duy\Documents\Project\VideoCoding\VVCSoftware_VTM\analyze\runs_out_ablation\COARSE\speed_ablate\ABLATE_LCTUFast\BasketballDrill_832x480_50\QP32\BasketballDrill_832x480_50_QP32.log
speed_ablate,ABLATE_LCTUFast,BasketballDrill_832x480_50,37,1726.8,29.80998125,C:\Users\LQ Duy\Documents\Project\VideoCoding\VVCSoftware_VTM\analyze\runs_out_ablation\COARSE\speed_ablate\ABLATE_LCTUFast\BasketballDrill_832x480_50\QP37\BasketballDrill_832x480_50_QP37.log
speed_ablate,ABLATE_FEN,BQTerrace_1920x1080_60,27,8721.93,35.64548125,C:\Users\LQ Duy\Documents\Project\VideoCoding\VVCSoftware_VTM\analyze\runs_out_ablation\COARSE\speed_ablate\ABLATE_FEN\BQTerrace_1920x1080_60\QP27\BQTerrace_1920x1080_60_QP27.log
speed_ablate,ABLATE_FEN,BQTerrace_1920x1080_60,32,4422.99,34.13003125,C:\Users\LQ Duy\Documents\Project\VideoCoding\VVCSoftware_VTM\analyze\runs_out_ablation\COARSE\speed_ablate\ABLATE_FEN\BQTerrace_1920x1080_60\QP32\BQTerrace_1920x1080_60_QP32.log
speed_ablate,ABLATE_FEN,BQTerrace_1920x1080_60,37,2359.44,32.27175625,C:\Users\LQ Duy\Documents\Project\VideoCoding\VVCSoftware_VTM\analyze\runs_out_ablation\COARSE\speed_ablate\ABLATE_FEN\BQTerrace_1920x1080_60\QP37\BQTerrace_1920x1080_60_QP37.log
speed_ablate,ABLATE_FEN,BlowingBubbles_416x240_50,27,744.575,35.61426875,C:\Users\LQ Duy\Documents\Project\VideoCoding\VVCSoftware_VTM\analyze\runs_out_ablation\COARSE\speed_ablate\ABLATE_FEN\BlowingBubbles_416x240_50\QP27\BlowingBubbles_416x240_50_QP27.log
speed_ablate,ABLATE_FEN,BlowingBubbles_416x240_50,32,393.525,32.846337500000004,C:\Users\LQ Duy\Documents\Project\VideoCoding\VVCSoftware_VTM\analyze\runs_out_ablation\COARSE\speed_ablate\ABLATE_FEN\BlowingBubbles_416x240_50\QP32\BlowingBubbles_416x240_50_QP32.log
speed_ablate,ABLATE_FEN,BlowingBubbles_416x240_50,37,205.925,30.30355,C:\Users\LQ Duy\Documents\Project\VideoCoding\VVCSoftware_VTM\analyze\runs_out_ablation\COARSE\speed_ablate\ABLATE_FEN\BlowingBubbles_416x240_50\QP37\BlowingBubbles_416x240_50_QP37.log
speed_ablate,ABLATE_FEN,BasketballPass_416x240_50,27,453.275,38.845206250000004,C:\Users\LQ Duy\Documents\Project\VideoCoding\VVCSoftware_VTM\analyze\runs_out_ablation\COARSE\speed_ablate\ABLATE_FEN\BasketballPass_416x240_50\QP27\BasketballPass_416x240_50_QP27.log
speed_ablate,ABLATE_FEN,BasketballPass_416x240_50,32,245.275,35.61508125,C:\Users\LQ Duy\Documents\Project\VideoCoding\VVCSoftware_VTM\analyze\runs_out_ablation\COARSE\speed_ablate\ABLATE_FEN\BasketballPass_416x240_50\QP32\BasketballPass_416x240_50_QP32.log
speed_ablate,ABLATE_FEN,BasketballPass_416x240_50,37,133.1,32.82275,C:\Users\LQ Duy\Documents\Project\VideoCoding\VVCSoftware_VTM\analyze\runs_out_ablation\COARSE\speed_ablate\ABLATE_FEN\BasketballPass_416x240_50\QP37\BasketballPass_416x240_50_QP37.log
speed_ablate,ABLATE_FEN,BasketballDrive_1920x1080_50,27,3716.35,38.890625,C:\Users\LQ Duy\Documents\Project\VideoCoding\VVCSoftware_VTM\analyze\runs_out_ablation\COARSE\speed_ablate\ABLATE_FEN\BasketballDrive_1920x1080_50\QP27\BasketballDrive_1920x1080_50_QP27.log
speed_ablate,ABLATE_FEN,BasketballDrive_1920x1080_50,32,1929.425,37.5595375,C:\Users\LQ Duy\Documents\Project\VideoCoding\VVCSoftware_VTM\analyze\runs_out_ablation\COARSE\speed_ablate\ABLATE_FEN\BasketballDrive_1920x1080_50\QP32\BasketballDrive_1920x1080_50_QP32.log
speed_ablate,ABLATE_FEN,BasketballDrive_1920x1080_50,37,1041.875,35.85353125,C:\Users\LQ Duy\Documents\Project\VideoCoding\VVCSoftware_VTM\analyze\runs_out_ablation\COARSE\speed_ablate\ABLATE_FEN\BasketballDrive_1920x1080_50\QP37\BasketballDrive_1920x1080_50_QP37.log
speed_ablate,ABLATE_FEN,BasketballDrill_832x480_50,27,6283.2,36.24765,C:\Users\LQ Duy\Documents\Project\VideoCoding\VVCSoftware_VTM\analyze\runs_out_ablation\COARSE\speed_ablate\ABLATE_FEN\BasketballDrill_832x480_50\QP27\BasketballDrill_832x480_50_QP27.log
speed_ablate,ABLATE_FEN,BasketballDrill_832x480_50,32,3365.4,32.77733125,C:\Users\LQ Duy\Documents\Project\VideoCoding\VVCSoftware_VTM\analyze\runs_out_ablation\COARSE\speed_ablate\ABLATE_FEN\BasketballDrill_832x480_50\QP32\BasketballDrill_832x480_50_QP32.log
speed_ablate,ABLATE_FEN,BasketballDrill_832x480_50,37,1728.75,29.82580625,C:\Users\LQ Duy\Documents\Project\VideoCoding\VVCSoftware_VTM\analyze\runs_out_ablation\COARSE\speed_ablate\ABLATE_FEN\BasketballDrill_832x480_50\QP37\BasketballDrill_832x480_50_QP37.log
speed_ablate,ABLATE_FDM,BQTerrace_1920x1080_60,27,8715.3,35.63616875,C:\Users\LQ Duy\Documents\Project\VideoCoding\VVCSoftware_VTM\analyze\runs_out_ablation\COARSE\speed_ablate\ABLATE_FDM\BQTerrace_1920x1080_60\QP27\BQTerrace_1920x1080_60_QP27.log
speed_ablate,ABLATE_FDM,BQTerrace_1920x1080_60,32,4423.17,34.13603125,C:\Users\LQ Duy\Documents\Project\VideoCoding\VVCSoftware_VTM\analyze\runs_out_ablation\COARSE\speed_ablate\ABLATE_FDM\BQTerrace_1920x1080_60\QP32\BQTerrace_1920x1080_60_QP32.log
speed_ablate,ABLATE_FDM,BQTerrace_1920x1080_60,37,2359.68,32.26615,C:\Users\LQ Duy\Documents\Project\VideoCoding\VVCSoftware_VTM\analyze\runs_out_ablation\COARSE\speed_ablate\ABLATE_FDM\BQTerrace_1920x1080_60\QP37\BQTerrace_1920x1080_60_QP37.log
speed_ablate,ABLATE_FDM,BlowingBubbles_416x240_50,27,746.45,35.640675,C:\Users\LQ Duy\Documents\Project\VideoCoding\VVCSoftware_VTM\analyze\runs_out_ablation\COARSE\speed_ablate\ABLATE_FDM\BlowingBubbles_416x240_50\QP27\BlowingBubbles_416x240_50_QP27.log
speed_ablate,ABLATE_FDM,BlowingBubbles_416x240_50,32,395.65,32.850668750000004,C:\Users\LQ Duy\Documents\Project\VideoCoding\VVCSoftware_VTM\analyze\runs_out_ablation\COARSE\speed_ablate\ABLATE_FDM\BlowingBubbles_416x240_50\QP32\BlowingBubbles_416x240_50_QP32.log
speed_ablate,ABLATE_FDM,BlowingBubbles_416x240_50,37,206.225,30.32509375,C:\Users\LQ Duy\Documents\Project\VideoCoding\VVCSoftware_VTM\analyze\runs_out_ablation\COARSE\speed_ablate\ABLATE_FDM\BlowingBubbles_416x240_50\QP37\BlowingBubbles_416x240_50_QP37.log
speed_ablate,ABLATE_FDM,BasketballPass_416x240_50,27,453.7,38.88025625,C:\Users\LQ Duy\Documents\Project\VideoCoding\VVCSoftware_VTM\analyze\runs_out_ablation\COARSE\speed_ablate\ABLATE_FDM\BasketballPass_416x240_50\QP27\BasketballPass_416x240_50_QP27.log
speed_ablate,ABLATE_FDM,BasketballPass_416x240_50,32,245.5,35.63590625,C:\Users\LQ Duy\Documents\Project\VideoCoding\VVCSoftware_VTM\analyze\runs_out_ablation\COARSE\speed_ablate\ABLATE_FDM\BasketballPass_416x240_50\QP32\BasketballPass_416x240_50_QP32.log
speed_ablate,ABLATE_FDM,BasketballPass_416x240_50,37,133.175,32.85686875,C:\Users\LQ Duy\Documents\Project\VideoCoding\VVCSoftware_VTM\analyze\runs_out_ablation\COARSE\speed_ablate\ABLATE_FDM\BasketballPass_416x240_50\QP37\BasketballPass_416x240_50_QP37.log
speed_ablate,ABLATE_FDM,BasketballDrive_1920x1080_50,27,3715.55,38.8876125,C:\Users\LQ Duy\Documents\Project\VideoCoding\VVCSoftware_VTM\analyze\runs_out_ablation\COARSE\speed_ablate\ABLATE_FDM\BasketballDrive_1920x1080_50\QP27\BasketballDrive_1920x1080_50_QP27.log
speed_ablate,ABLATE_FDM,BasketballDrive_1920x1080_50,32,1930.25,37.55140625,C:\Users\LQ Duy\Documents\Project\VideoCoding\VVCSoftware_VTM\analyze\runs_out_ablation\COARSE\speed_ablate\ABLATE_FDM\BasketballDrive_1920x1080_50\QP32\BasketballDrive_1920x1080_50_QP32.log
speed_ablate,ABLATE_FDM,BasketballDrive_1920x1080_50,37,1044.675,35.84335625,C:\Users\LQ Duy\Documents\Project\VideoCoding\VVCSoftware_VTM\analyze\runs_out_ablation\COARSE\speed_ablate\ABLATE_FDM\BasketballDrive_1920x1080_50\QP37\BasketballDrive_1920x1080_50_QP37.log
speed_ablate,ABLATE_FDM,BasketballDrill_832x480_50,27,6275.8,36.23323125,C:\Users\LQ Duy\Documents\Project\VideoCoding\VVCSoftware_VTM\analyze\runs_out_ablation\COARSE\speed_ablate\ABLATE_FDM\BasketballDrill_832x480_50\QP27\BasketballDrill_832x480_50_QP27.log
speed_ablate,ABLATE_FDM,BasketballDrill_832x480_50,32,3373.675,32.780325,C:\Users\LQ Duy\Documents\Project\VideoCoding\VVCSoftware_VTM\analyze\runs_out_ablation\COARSE\speed_ablate\ABLATE_FDM\BasketballDrill_832x480_50\QP32\BasketballDrill_832x480_50_QP32.log
speed_ablate,ABLATE_FDM,BasketballDrill_832x480_50,37,1727.35,29.81469375,C:\Users\LQ Duy\Documents\Project\VideoCoding\VVCSoftware_VTM\analyze\runs_out_ablation\COARSE\speed_ablate\ABLATE_FDM\BasketballDrill_832x480_50\QP37\BasketballDrill_832x480_50_QP37.log
speed_ablate,ABLATE_FastSearch,BQTerrace_1920x1080_60,27,8711.16,35.64566875,C:\Users\LQ Duy\Documents\Project\VideoCoding\VVCSoftware_VTM\analyze\runs_out_ablation\COARSE\speed_ablate\ABLATE_FastSearch\BQTerrace_1920x1080_60\QP27\BQTerrace_1920x1080_60_QP27.log
speed_ablate,ABLATE_FastSearch,BQTerrace_1920x1080_60,32,4418.52,34.138775,C:\Users\LQ Duy\Documents\Project\VideoCoding\VVCSoftware_VTM\analyze\runs_out_ablation\COARSE\speed_ablate\ABLATE_FastSearch\BQTerrace_1920x1080_60\QP32\BQTerrace_1920x1080_60_QP32.log
speed_ablate,ABLATE_FastSearch,BQTerrace_1920x1080_60,37,2362.29,32.2833,C:\Users\LQ Duy\Documents\Project\VideoCoding\VVCSoftware_VTM\analyze\runs_out_ablation\COARSE\speed_ablate\ABLATE_FastSearch\BQTerrace_1920x1080_60\QP37\BQTerrace_1920x1080_60_QP37.log
speed_ablate,ABLATE_FastSearch,BlowingBubbles_416x240_50,27,744.55,35.633975,C:\Users\LQ Duy\Documents\Project\VideoCoding\VVCSoftware_VTM\analyze\runs_out_ablation\COARSE\speed_ablate\ABLATE_FastSearch\BlowingBubbles_416x240_50\QP27\BlowingBubbles_416x240_50_QP27.log
speed_ablate,ABLATE_FastSearch,BlowingBubbles_416x240_50,32,393.675,32.86186875,C:\Users\LQ Duy\Documents\Project\VideoCoding\VVCSoftware_VTM\analyze\runs_out_ablation\COARSE\speed_ablate\ABLATE_FastSearch\BlowingBubbles_416x240_50\QP32\BlowingBubbles_416x240_50_QP32.log
speed_ablate,ABLATE_FastSearch,BlowingBubbles_416x240_50,37,205.975,30.31471875,C:\Users\LQ Duy\Documents\Project\VideoCoding\VVCSoftware_VTM\analyze\runs_out_ablation\COARSE\speed_ablate\ABLATE_FastSearch\BlowingBubbles_416x240_50\QP37\BlowingBubbles_416x240_50_QP37.log
speed_ablate,ABLATE_FastSearch,BasketballPass_416x240_50,27,453.0,38.85775,C:\Users\LQ Duy\Documents\Project\VideoCoding\VVCSoftware_VTM\analyze\runs_out_ablation\COARSE\speed_ablate\ABLATE_FastSearch\BasketballPass_416x240_50\QP27\BasketballPass_416x240_50_QP27.log
speed_ablate,ABLATE_FastSearch,BasketballPass_416x240_50,32,244.975,35.60804375,C:\Users\LQ Duy\Documents\Project\VideoCoding\VVCSoftware_VTM\analyze\runs_out_ablation\COARSE\speed_ablate\ABLATE_FastSearch\BasketballPass_416x240_50\QP32\BasketballPass_416x240_50_QP32.log
speed_ablate,ABLATE_FastSearch,BasketballPass_416x240_50,37,132.65,32.8549375,C:\Users\LQ Duy\Documents\Project\VideoCoding\VVCSoftware_VTM\analyze\runs_out_ablation\COARSE\speed_ablate\ABLATE_FastSearch\BasketballPass_416x240_50\QP37\BasketballPass_416x240_50_QP37.log
speed_ablate,ABLATE_FastSearch,BasketballDrive_1920x1080_50,27,4965.64,39.006569999999996,C:\Users\LQ Duy\Documents\Project\VideoCoding\VVCSoftware_VTM\analyze\runs_out_ablation\COARSE\speed_ablate\ABLATE_FastSearch\BasketballDrive_1920x1080_50\QP27\BasketballDrive_1920x1080_50_QP27.log
speed_ablate,ABLATE_FastSearch,BasketballDrive_1920x1080_50,32,1929.925,37.5440625,C:\Users\LQ Duy\Documents\Project\VideoCoding\VVCSoftware_VTM\analyze\runs_out_ablation\COARSE\speed_ablate\ABLATE_FastSearch\BasketballDrive_1920x1080_50\QP32\BasketballDrive_1920x1080_50_QP32.log
speed_ablate,ABLATE_FastSearch,BasketballDrive_1920x1080_50,37,1041.675,35.8593375,C:\Users\LQ Duy\Documents\Project\VideoCoding\VVCSoftware_VTM\analyze\runs_out_ablation\COARSE\speed_ablate\ABLATE_FastSearch\BasketballDrive_1920x1080_50\QP37\BasketballDrive_1920x1080_50_QP37.log
speed_ablate,ABLATE_FastSearch,BasketballDrill_832x480_50,27,6275.55,36.2567375,C:\Users\LQ Duy\Documents\Project\VideoCoding\VVCSoftware_VTM\analyze\runs_out_ablation\COARSE\speed_ablate\ABLATE_FastSearch\BasketballDrill_832x480_50\QP27\BasketballDrill_832x480_50_QP27.log
speed_ablate,ABLATE_FastSearch,BasketballDrill_832x480_50,32,3376.95,32.8173125,C:\Users\LQ Duy\Documents\Project\VideoCoding\VVCSoftware_VTM\analyze\runs_out_ablation\COARSE\speed_ablate\ABLATE_FastSearch\BasketballDrill_832x480_50\QP32\BasketballDrill_832x480_50_QP32.log
speed_ablate,ABLATE_FastSearch,BasketballDrill_832x480_50,37,1732.7,29.85109375,C:\Users\LQ Duy\Documents\Project\VideoCoding\VVCSoftware_VTM\analyze\runs_out_ablation\COARSE\speed_ablate\ABLATE_FastSearch\BasketballDrill_832x480_50\QP37\BasketballDrill_832x480_50_QP37.log
speed_ablate,ABLATE_FastMrg,BQTerrace_1920x1080_60,27,8709.78,35.636849999999995,C:\Users\LQ Duy\Documents\Project\VideoCoding\VVCSoftware_VTM\analyze\runs_out_ablation\COARSE\speed_ablate\ABLATE_FastMrg\BQTerrace_1920x1080_60\QP27\BQTerrace_1920x1080_60_QP27.log
speed_ablate,ABLATE_FastMrg,BQTerrace_1920x1080_60,32,4419.6,34.131675,C:\Users\LQ Duy\Documents\Project\VideoCoding\VVCSoftware_VTM\analyze\runs_out_ablation\COARSE\speed_ablate\ABLATE_FastMrg\BQTerrace_1920x1080_60\QP32\BQTerrace_1920x1080_60_QP32.log
speed_ablate,ABLATE_FastMrg,BQTerrace_1920x1080_60,37,2357.22,32.26374375,C:\Users\LQ Duy\Documents\Project\VideoCoding\VVCSoftware_VTM\analyze\runs_out_ablation\COARSE\speed_ablate\ABLATE_FastMrg\BQTerrace_1920x1080_60\QP37\BQTerrace_1920x1080_60_QP37.log
speed_ablate,ABLATE_FastMrg,BlowingBubbles_416x240_50,27,746.525,35.66253125,C:\Users\LQ Duy\Documents\Project\VideoCoding\VVCSoftware_VTM\analyze\runs_out_ablation\COARSE\speed_ablate\ABLATE_FastMrg\BlowingBubbles_416x240_50\QP27\BlowingBubbles_416x240_50_QP27.log
speed_ablate,ABLATE_FastMrg,BlowingBubbles_416x240_50,32,394.975,32.85503125,C:\Users\LQ Duy\Documents\Project\VideoCoding\VVCSoftware_VTM\analyze\runs_out_ablation\COARSE\speed_ablate\ABLATE_FastMrg\BlowingBubbles_416x240_50\QP32\BlowingBubbles_416x240_50_QP32.log
speed_ablate,ABLATE_FastMrg,BlowingBubbles_416x240_50,37,206.325,30.3198875,C:\Users\LQ Duy\Documents\Project\VideoCoding\VVCSoftware_VTM\analyze\runs_out_ablation\COARSE\speed_ablate\ABLATE_FastMrg\BlowingBubbles_416x240_50\QP37\BlowingBubbles_416x240_50_QP37.log
speed_ablate,ABLATE_FastMrg,BasketballPass_416x240_50,27,452.95,38.87681875,C:\Users\LQ Duy\Documents\Project\VideoCoding\VVCSoftware_VTM\analyze\runs_out_ablation\COARSE\speed_ablate\ABLATE_FastMrg\BasketballPass_416x240_50\QP27\BasketballPass_416x240_50_QP27.log
speed_ablate,ABLATE_FastMrg,BasketballPass_416x240_50,32,243.225,35.57781875,C:\Users\LQ Duy\Documents\Project\VideoCoding\VVCSoftware_VTM\analyze\runs_out_ablation\COARSE\speed_ablate\ABLATE_FastMrg\BasketballPass_416x240_50\QP32\BasketballPass_416x240_50_QP32.log
speed_ablate,ABLATE_FastMrg,BasketballPass_416x240_50,37,132.9,32.85328125,C:\Users\LQ Duy\Documents\Project\VideoCoding\VVCSoftware_VTM\analyze\runs_out_ablation\COARSE\speed_ablate\ABLATE_FastMrg\BasketballPass_416x240_50\QP37\BasketballPass_416x240_50_QP37.log
speed_ablate,ABLATE_FastMrg,BasketballDrive_1920x1080_50,27,3718.325,38.88678125,C:\Users\LQ Duy\Documents\Project\VideoCoding\VVCSoftware_VTM\analyze\runs_out_ablation\COARSE\speed_ablate\ABLATE_FastMrg\BasketballDrive_1920x1080_50\QP27\BasketballDrive_1920x1080_50_QP27.log
speed_ablate,ABLATE_FastMrg,BasketballDrive_1920x1080_50,32,1936.725,37.560975,C:\Users\LQ Duy\Documents\Project\VideoCoding\VVCSoftware_VTM\analyze\runs_out_ablation\COARSE\speed_ablate\ABLATE_FastMrg\BasketballDrive_1920x1080_50\QP32\BasketballDrive_1920x1080_50_QP32.log
speed_ablate,ABLATE_FastMrg,BasketballDrive_1920x1080_50,37,1046.125,35.84273125,C:\Users\LQ Duy\Documents\Project\VideoCoding\VVCSoftware_VTM\analyze\runs_out_ablation\COARSE\speed_ablate\ABLATE_FastMrg\BasketballDrive_1920x1080_50\QP37\BasketballDrive_1920x1080_50_QP37.log
speed_ablate,ABLATE_FastMrg,BasketballDrill_832x480_50,27,6275.15,36.23859375,C:\Users\LQ Duy\Documents\Project\VideoCoding\VVCSoftware_VTM\analyze\runs_out_ablation\COARSE\speed_ablate\ABLATE_FastMrg\BasketballDrill_832x480_50\QP27\BasketballDrill_832x480_50_QP27.log
speed_ablate,ABLATE_FastMrg,BasketballDrill_832x480_50,32,3360.55,32.77019375,C:\Users\LQ Duy\Documents\Project\VideoCoding\VVCSoftware_VTM\analyze\runs_out_ablation\COARSE\speed_ablate\ABLATE_FastMrg\BasketballDrill_832x480_50\QP32\BasketballDrill_832x480_50_QP32.log
speed_ablate,ABLATE_FastMrg,BasketballDrill_832x480_50,37,1730.55,29.8205125,C:\Users\LQ Duy\Documents\Project\VideoCoding\VVCSoftware_VTM\analyze\runs_out_ablation\COARSE\speed_ablate\ABLATE_FastMrg\BasketballDrill_832x480_50\QP37\BasketballDrill_832x480_50_QP37.log
perf_add,ADD_SAO,BQTerrace_1920x1080_60,27,8709.78,35.636849999999995,C:\Users\LQ Duy\Documents\Project\VideoCoding\VVCSoftware_VTM\analyze\runs_out_ablation\COARSE\perf_add\ADD_SAO\BQTerrace_1920x1080_60\QP27\BQTerrace_1920x1080_60_QP27.log
perf_add,ADD_SAO,BQTerrace_1920x1080_60,32,4419.6,34.131675,C:\Users\LQ Duy\Documents\Project\VideoCoding\VVCSoftware_VTM\analyze\runs_out_ablation\COARSE\perf_add\ADD_SAO\BQTerrace_1920x1080_60\QP32\BQTerrace_1920x1080_60_QP32.log
perf_add,ADD_SAO,BQTerrace_1920x1080_60,37,2357.22,32.26374375,C:\Users\LQ Duy\Documents\Project\VideoCoding\VVCSoftware_VTM\analyze\runs_out_ablation\COARSE\perf_add\ADD_SAO\BQTerrace_1920x1080_60\QP37\BQTerrace_1920x1080_60_QP37.log
perf_add,ADD_SAO,BlowingBubbles_416x240_50,27,746.525,35.66253125,C:\Users\LQ Duy\Documents\Project\VideoCoding\VVCSoftware_VTM\analyze\runs_out_ablation\COARSE\perf_add\ADD_SAO\BlowingBubbles_416x240_50\QP27\BlowingBubbles_416x240_50_QP27.log
perf_add,ADD_SAO,BlowingBubbles_416x240_50,32,394.975,32.85503125,C:\Users\LQ Duy\Documents\Project\VideoCoding\VVCSoftware_VTM\analyze\runs_out_ablation\COARSE\perf_add\ADD_SAO\BlowingBubbles_416x240_50\QP32\BlowingBubbles_416x240_50_QP32.log
perf_add,ADD_SAO,BlowingBubbles_416x240_50,37,206.325,30.3198875,C:\Users\LQ Duy\Documents\Project\VideoCoding\VVCSoftware_VTM\analyze\runs_out_ablation\COARSE\perf_add\ADD_SAO\BlowingBubbles_416x240_50\QP37\BlowingBubbles_416x240_50_QP37.log
perf_add,ADD_SAO,BasketballPass_416x240_50,27,452.95,38.87681875,C:\Users\LQ Duy\Documents\Project\VideoCoding\VVCSoftware_VTM\analyze\runs_out_ablation\COARSE\perf_add\ADD_SAO\BasketballPass_416x240_50\QP27\BasketballPass_416x240_50_QP27.log
perf_add,ADD_SAO,BasketballPass_416x240_50,32,243.225,35.57781875,C:\Users\LQ Duy\Documents\Project\VideoCoding\VVCSoftware_VTM\analyze\runs_out_ablation\COARSE\perf_add\ADD_SAO\BasketballPass_416x240_50\QP32\BasketballPass_416x240_50_QP32.log
perf_add,ADD_SAO,BasketballPass_416x240_50,37,132.9,32.85328125,C:\Users\LQ Duy\Documents\Project\VideoCoding\VVCSoftware_VTM\analyze\runs_out_ablation\COARSE\perf_add\ADD_SAO\BasketballPass_416x240_50\QP37\BasketballPass_416x240_50_QP37.log
perf_add,ADD_SAO,BasketballDrive_1920x1080_50,27,3718.325,38.88678125,C:\Users\LQ Duy\Documents\Project\VideoCoding\VVCSoftware_VTM\analyze\runs_out_ablation\COARSE\perf_add\ADD_SAO\BasketballDrive_1920x1080_50\QP27\BasketballDrive_1920x1080_50_QP27.log
perf_add,ADD_SAO,BasketballDrive_1920x1080_50,32,1936.725,37.560975,C:\Users\LQ Duy\Documents\Project\VideoCoding\VVCSoftware_VTM\analyze\runs_out_ablation\COARSE\perf_add\ADD_SAO\BasketballDrive_1920x1080_50\QP32\BasketballDrive_1920x1080_50_QP32.log
perf_add,ADD_SAO,BasketballDrive_1920x1080_50,37,1046.125,35.84273125,C:\Users\LQ Duy\Documents\Project\VideoCoding\VVCSoftware_VTM\analyze\runs_out_ablation\COARSE\perf_add\ADD_SAO\BasketballDrive_1920x1080_50\QP37\BasketballDrive_1920x1080_50_QP37.log
perf_add,ADD_SAO,BasketballDrill_832x480_50,27,6275.15,36.23859375,C:\Users\LQ Duy\Documents\Project\VideoCoding\VVCSoftware_VTM\analyze\runs_out_ablation\COARSE\perf_add\ADD_SAO\BasketballDrill_832x480_50\QP27\BasketballDrill_832x480_50_QP27.log
perf_add,ADD_SAO,BasketballDrill_832x480_50,32,3360.55,32.77019375,C:\Users\LQ Duy\Documents\Project\VideoCoding\VVCSoftware_VTM\analyze\runs_out_ablation\COARSE\perf_add\ADD_SAO\BasketballDrill_832x480_50\QP32\BasketballDrill_832x480_50_QP32.log
perf_add,ADD_SAO,BasketballDrill_832x480_50,37,1730.55,29.8205125,C:\Users\LQ Duy\Documents\Project\VideoCoding\VVCSoftware_VTM\analyze\runs_out_ablation\COARSE\perf_add\ADD_SAO\BasketballDrill_832x480_50\QP37\BasketballDrill_832x480_50_QP37.log
perf_add,ADD_RDOQ,BQTerrace_1920x1080_60,27,8709.78,35.636849999999995,C:\Users\LQ Duy\Documents\Project\VideoCoding\VVCSoftware_VTM\analyze\runs_out_ablation\COARSE\perf_add\ADD_RDOQ\BQTerrace_1920x1080_60\QP27\BQTerrace_1920x1080_60_QP27.log
perf_add,ADD_RDOQ,BQTerrace_1920x1080_60,32,4419.6,34.131675,C:\Users\LQ Duy\Documents\Project\VideoCoding\VVCSoftware_VTM\analyze\runs_out_ablation\COARSE\perf_add\ADD_RDOQ\BQTerrace_1920x1080_60\QP32\BQTerrace_1920x1080_60_QP32.log
perf_add,ADD_RDOQ,BQTerrace_1920x1080_60,37,2357.22,32.26374375,C:\Users\LQ Duy\Documents\Project\VideoCoding\VVCSoftware_VTM\analyze\runs_out_ablation\COARSE\perf_add\ADD_RDOQ\BQTerrace_1920x1080_60\QP37\BQTerrace_1920x1080_60_QP37.log
perf_add,ADD_RDOQ,BlowingBubbles_416x240_50,27,746.525,35.66253125,C:\Users\LQ Duy\Documents\Project\VideoCoding\VVCSoftware_VTM\analyze\runs_out_ablation\COARSE\perf_add\ADD_RDOQ\BlowingBubbles_416x240_50\QP27\BlowingBubbles_416x240_50_QP27.log
perf_add,ADD_RDOQ,BlowingBubbles_416x240_50,32,394.975,32.85503125,C:\Users\LQ Duy\Documents\Project\VideoCoding\VVCSoftware_VTM\analyze\runs_out_ablation\COARSE\perf_add\ADD_RDOQ\BlowingBubbles_416x240_50\QP32\BlowingBubbles_416x240_50_QP32.log
perf_add,ADD_RDOQ,BlowingBubbles_416x240_50,37,206.325,30.3198875,C:\Users\LQ Duy\Documents\Project\VideoCoding\VVCSoftware_VTM\analyze\runs_out_ablation\COARSE\perf_add\ADD_RDOQ\BlowingBubbles_416x240_50\QP37\BlowingBubbles_416x240_50_QP37.log
perf_add,ADD_RDOQ,BasketballPass_416x240_50,27,452.95,38.87681875,C:\Users\LQ Duy\Documents\Project\VideoCoding\VVCSoftware_VTM\analyze\runs_out_ablation\COARSE\perf_add\ADD_RDOQ\BasketballPass_416x240_50\QP27\BasketballPass_416x240_50_QP27.log
perf_add,ADD_RDOQ,BasketballPass_416x240_50,32,243.225,35.57781875,C:\Users\LQ Duy\Documents\Project\VideoCoding\VVCSoftware_VTM\analyze\runs_out_ablation\COARSE\perf_add\ADD_RDOQ\BasketballPass_416x240_50\QP32\BasketballPass_416x240_50_QP32.log
perf_add,ADD_RDOQ,BasketballPass_416x240_50,37,132.9,32.85328125,C:\Users\LQ Duy\Documents\Project\VideoCoding\VVCSoftware_VTM\analyze\runs_out_ablation\COARSE\perf_add\ADD_RDOQ\BasketballPass_416x240_50\QP37\BasketballPass_416x240_50_QP37.log
perf_add,ADD_RDOQ,BasketballDrive_1920x1080_50,27,3718.325,38.88678125,C:\Users\LQ Duy\Documents\Project\VideoCoding\VVCSoftware_VTM\analyze\runs_out_ablation\COARSE\perf_add\ADD_RDOQ\BasketballDrive_1920x1080_50\QP27\BasketballDrive_1920x1080_50_QP27.log
perf_add,ADD_RDOQ,BasketballDrive_1920x1080_50,32,1936.725,37.560975,C:\Users\LQ Duy\Documents\Project\VideoCoding\VVCSoftware_VTM\analyze\runs_out_ablation\COARSE\perf_add\ADD_RDOQ\BasketballDrive_1920x1080_50\QP32\BasketballDrive_1920x1080_50_QP32.log
perf_add,ADD_RDOQ,BasketballDrive_1920x1080_50,37,1046.125,35.84273125,C:\Users\LQ Duy\Documents\Project\VideoCoding\VVCSoftware_VTM\analyze\runs_out_ablation\COARSE\perf_add\ADD_RDOQ\BasketballDrive_1920x1080_50\QP37\BasketballDrive_1920x1080_50_QP37.log
perf_add,ADD_RDOQ,BasketballDrill_832x480_50,27,6275.15,36.23859375,C:\Users\LQ Duy\Documents\Project\VideoCoding\VVCSoftware_VTM\analyze\runs_out_ablation\COARSE\perf_add\ADD_RDOQ\BasketballDrill_832x480_50\QP27\BasketballDrill_832x480_50_QP27.log
perf_add,ADD_RDOQ,BasketballDrill_832x480_50,32,3360.55,32.77019375,C:\Users\LQ Duy\Documents\Project\VideoCoding\VVCSoftware_VTM\analyze\runs_out_ablation\COARSE\perf_add\ADD_RDOQ\BasketballDrill_832x480_50\QP32\BasketballDrill_832x480_50_QP32.log
perf_add,ADD_RDOQ,BasketballDrill_832x480_50,37,1730.55,29.8205125,C:\Users\LQ Duy\Documents\Project\VideoCoding\VVCSoftware_VTM\analyze\runs_out_ablation\COARSE\perf_add\ADD_RDOQ\BasketballDrill_832x480_50\QP37\BasketballDrill_832x480_50_QP37.log
perf_add,ADD_Deblock,BQTerrace_1920x1080_60,27,8709.78,35.636849999999995,C:\Users\LQ Duy\Documents\Project\VideoCoding\VVCSoftware_VTM\analyze\runs_out_ablation\COARSE\perf_add\ADD_Deblock\BQTerrace_1920x1080_60\QP27\BQTerrace_1920x1080_60_QP27.log
perf_add,ADD_Deblock,BQTerrace_1920x1080_60,32,4419.6,34.131675,C:\Users\LQ Duy\Documents\Project\VideoCoding\VVCSoftware_VTM\analyze\runs_out_ablation\COARSE\perf_add\ADD_Deblock\BQTerrace_1920x1080_60\QP32\BQTerrace_1920x1080_60_QP32.log
perf_add,ADD_Deblock,BQTerrace_1920x1080_60,37,2357.22,32.26374375,C:\Users\LQ Duy\Documents\Project\VideoCoding\VVCSoftware_VTM\analyze\runs_out_ablation\COARSE\perf_add\ADD_Deblock\BQTerrace_1920x1080_60\QP37\BQTerrace_1920x1080_60_QP37.log
perf_add,ADD_Deblock,BlowingBubbles_416x240_50,27,746.525,35.66253125,C:\Users\LQ Duy\Documents\Project\VideoCoding\VVCSoftware_VTM\analyze\runs_out_ablation\COARSE\perf_add\ADD_Deblock\BlowingBubbles_416x240_50\QP27\BlowingBubbles_416x240_50_QP27.log
perf_add,ADD_Deblock,BlowingBubbles_416x240_50,32,394.975,32.85503125,C:\Users\LQ Duy\Documents\Project\VideoCoding\VVCSoftware_VTM\analyze\runs_out_ablation\COARSE\perf_add\ADD_Deblock\BlowingBubbles_416x240_50\QP32\BlowingBubbles_416x240_50_QP32.log
perf_add,ADD_Deblock,BlowingBubbles_416x240_50,37,206.325,30.3198875,C:\Users\LQ Duy\Documents\Project\VideoCoding\VVCSoftware_VTM\analyze\runs_out_ablation\COARSE\perf_add\ADD_Deblock\BlowingBubbles_416x240_50\QP37\BlowingBubbles_416x240_50_QP37.log
perf_add,ADD_Deblock,BasketballPass_416x240_50,27,452.95,38.87681875,C:\Users\LQ Duy\Documents\Project\VideoCoding\VVCSoftware_VTM\analyze\runs_out_ablation\COARSE\perf_add\ADD_Deblock\BasketballPass_416x240_50\QP27\BasketballPass_416x240_50_QP27.log
perf_add,ADD_Deblock,BasketballPass_416x240_50,32,243.225,35.57781875,C:\Users\LQ Duy\Documents\Project\VideoCoding\VVCSoftware_VTM\analyze\runs_out_ablation\COARSE\perf_add\ADD_Deblock\BasketballPass_416x240_50\QP32\BasketballPass_416x240_50_QP32.log
perf_add,ADD_Deblock,BasketballPass_416x240_50,37,132.9,32.85328125,C:\Users\LQ Duy\Documents\Project\VideoCoding\VVCSoftware_VTM\analyze\runs_out_ablation\COARSE\perf_add\ADD_Deblock\BasketballPass_416x240_50\QP37\BasketballPass_416x240_50_QP37.log
perf_add,ADD_Deblock,BasketballDrive_1920x1080_50,27,3718.325,38.88678125,C:\Users\LQ Duy\Documents\Project\VideoCoding\VVCSoftware_VTM\analyze\runs_out_ablation\COARSE\perf_add\ADD_Deblock\BasketballDrive_1920x1080_50\QP27\BasketballDrive_1920x1080_50_QP27.log
perf_add,ADD_Deblock,BasketballDrive_1920x1080_50,32,1936.725,37.560975,C:\Users\LQ Duy\Documents\Project\VideoCoding\VVCSoftware_VTM\analyze\runs_out_ablation\COARSE\perf_add\ADD_Deblock\BasketballDrive_1920x1080_50\QP32\BasketballDrive_1920x1080_50_QP32.log
perf_add,ADD_Deblock,BasketballDrive_1920x1080_50,37,1046.125,35.84273125,C:\Users\LQ Duy\Documents\Project\VideoCoding\VVCSoftware_VTM\analyze\runs_out_ablation\COARSE\perf_add\ADD_Deblock\BasketballDrive_1920x1080_50\QP37\BasketballDrive_1920x1080_50_QP37.log
perf_add,ADD_Deblock,BasketballDrill_832x480_50,27,6275.15,36.23859375,C:\Users\LQ Duy\Documents\Project\VideoCoding\VVCSoftware_VTM\analyze\runs_out_ablation\COARSE\perf_add\ADD_Deblock\BasketballDrill_832x480_50\QP27\BasketballDrill_832x480_50_QP27.log
perf_add,ADD_Deblock,BasketballDrill_832x480_50,32,3360.55,32.77019375,C:\Users\LQ Duy\Documents\Project\VideoCoding\VVCSoftware_VTM\analyze\runs_out_ablation\COARSE\perf_add\ADD_Deblock\BasketballDrill_832x480_50\QP32\BasketballDrill_832x480_50_QP32.log
perf_add,ADD_Deblock,BasketballDrill_832x480_50,37,1730.55,29.8205125,C:\Users\LQ Duy\Documents\Project\VideoCoding\VVCSoftware_VTM\analyze\runs_out_ablation\COARSE\perf_add\ADD_Deblock\BasketballDrill_832x480_50\QP37\BasketballDrill_832x480_50_QP37.log
perf_add,ADD_ALF,BQTerrace_1920x1080_60,27,8709.78,35.636849999999995,C:\Users\LQ Duy\Documents\Project\VideoCoding\VVCSoftware_VTM\analyze\runs_out_ablation\COARSE\perf_add\ADD_ALF\BQTerrace_1920x1080_60\QP27\BQTerrace_1920x1080_60_QP27.log
perf_add,ADD_ALF,BQTerrace_1920x1080_60,32,4419.6,34.131675,C:\Users\LQ Duy\Documents\Project\VideoCoding\VVCSoftware_VTM\analyze\runs_out_ablation\COARSE\perf_add\ADD_ALF\BQTerrace_1920x1080_60\QP32\BQTerrace_1920x1080_60_QP32.log
perf_add,ADD_ALF,BQTerrace_1920x1080_60,37,2357.22,32.26374375,C:\Users\LQ Duy\Documents\Project\VideoCoding\VVCSoftware_VTM\analyze\runs_out_ablation\COARSE\perf_add\ADD_ALF\BQTerrace_1920x1080_60\QP37\BQTerrace_1920x1080_60_QP37.log
perf_add,ADD_ALF,BlowingBubbles_416x240_50,27,746.525,35.66253125,C:\Users\LQ Duy\Documents\Project\VideoCoding\VVCSoftware_VTM\analyze\runs_out_ablation\COARSE\perf_add\ADD_ALF\BlowingBubbles_416x240_50\QP27\BlowingBubbles_416x240_50_QP27.log
perf_add,ADD_ALF,BlowingBubbles_416x240_50,32,394.975,32.85503125,C:\Users\LQ Duy\Documents\Project\VideoCoding\VVCSoftware_VTM\analyze\runs_out_ablation\COARSE\perf_add\ADD_ALF\BlowingBubbles_416x240_50\QP32\BlowingBubbles_416x240_50_QP32.log
perf_add,ADD_ALF,BlowingBubbles_416x240_50,37,206.325,30.3198875,C:\Users\LQ Duy\Documents\Project\VideoCoding\VVCSoftware_VTM\analyze\runs_out_ablation\COARSE\perf_add\ADD_ALF\BlowingBubbles_416x240_50\QP37\BlowingBubbles_416x240_50_QP37.log
perf_add,ADD_ALF,BasketballPass_416x240_50,27,452.95,38.87681875,C:\Users\LQ Duy\Documents\Project\VideoCoding\VVCSoftware_VTM\analyze\runs_out_ablation\COARSE\perf_add\ADD_ALF\BasketballPass_416x240_50\QP27\BasketballPass_416x240_50_QP27.log
perf_add,ADD_ALF,BasketballPass_416x240_50,32,243.225,35.57781875,C:\Users\LQ Duy\Documents\Project\VideoCoding\VVCSoftware_VTM\analyze\runs_out_ablation\COARSE\perf_add\ADD_ALF\BasketballPass_416x240_50\QP32\BasketballPass_416x240_50_QP32.log
perf_add,ADD_ALF,BasketballPass_416x240_50,37,132.9,32.85328125,C:\Users\LQ Duy\Documents\Project\VideoCoding\VVCSoftware_VTM\analyze\runs_out_ablation\COARSE\perf_add\ADD_ALF\BasketballPass_416x240_50\QP37\BasketballPass_416x240_50_QP37.log
perf_add,ADD_ALF,BasketballDrive_1920x1080_50,27,3718.325,38.88678125,C:\Users\LQ Duy\Documents\Project\VideoCoding\VVCSoftware_VTM\analyze\runs_out_ablation\COARSE\perf_add\ADD_ALF\BasketballDrive_1920x1080_50\QP27\BasketballDrive_1920x1080_50_QP27.log
perf_add,ADD_ALF,BasketballDrive_1920x1080_50,32,1936.725,37.560975,C:\Users\LQ Duy\Documents\Project\VideoCoding\VVCSoftware_VTM\analyze\runs_out_ablation\COARSE\perf_add\ADD_ALF\BasketballDrive_1920x1080_50\QP32\BasketballDrive_1920x1080_50_QP32.log
perf_add,ADD_ALF,BasketballDrive_1920x1080_50,37,1046.125,35.84273125,C:\Users\LQ Duy\Documents\Project\VideoCoding\VVCSoftware_VTM\analyze\runs_out_ablation\COARSE\perf_add\ADD_ALF\BasketballDrive_1920x1080_50\QP37\BasketballDrive_1920x1080_50_QP37.log
perf_add,ADD_ALF,BasketballDrill_832x480_50,27,6275.15,36.23859375,C:\Users\LQ Duy\Documents\Project\VideoCoding\VVCSoftware_VTM\analyze\runs_out_ablation\COARSE\perf_add\ADD_ALF\BasketballDrill_832x480_50\QP27\BasketballDrill_832x480_50_QP27.log
perf_add,ADD_ALF,BasketballDrill_832x480_50,32,3360.55,32.77019375,C:\Users\LQ Duy\Documents\Project\VideoCoding\VVCSoftware_VTM\analyze\runs_out_ablation\COARSE\perf_add\ADD_ALF\BasketballDrill_832x480_50\QP32\BasketballDrill_832x480_50_QP32.log
perf_add,ADD_ALF,BasketballDrill_832x480_50,37,1730.55,29.8205125,C:\Users\LQ Duy\Documents\Project\VideoCoding\VVCSoftware_VTM\analyze\runs_out_ablation\COARSE\perf_add\ADD_ALF\BasketballDrill_832x480_50\QP37\BasketballDrill_832x480_50_QP37.log
perf_ablate,ABLATE_SAO,BQTerrace_1920x1080_60,27,8697.78,35.63315625,C:\Users\LQ Duy\Documents\Project\VideoCoding\VVCSoftware_VTM\analyze\runs_out_ablation\COARSE\perf_ablate\ABLATE_SAO\BQTerrace_1920x1080_60\QP27\BQTerrace_1920x1080_60_QP27.log
perf_ablate,ABLATE_SAO,BQTerrace_1920x1080_60,32,4410.15,34.1146625,C:\Users\LQ Duy\Documents\Project\VideoCoding\VVCSoftware_VTM\analyze\runs_out_ablation\COARSE\perf_ablate\ABLATE_SAO\BQTerrace_1920x1080_60\QP32\BQTerrace_1920x1080_60_QP32.log
perf_ablate,ABLATE_SAO,BQTerrace_1920x1080_60,37,2354.4,32.250212499999996,C:\Users\LQ Duy\Documents\Project\VideoCoding\VVCSoftware_VTM\analyze\runs_out_ablation\COARSE\perf_ablate\ABLATE_SAO\BQTerrace_1920x1080_60\QP37\BQTerrace_1920x1080_60_QP37.log
perf_ablate,ABLATE_SAO,BlowingBubbles_416x240_50,27,744.55,35.6337625,C:\Users\LQ Duy\Documents\Project\VideoCoding\VVCSoftware_VTM\analyze\runs_out_ablation\COARSE\perf_ablate\ABLATE_SAO\BlowingBubbles_416x240_50\QP27\BlowingBubbles_416x240_50_QP27.log
perf_ablate,ABLATE_SAO,BlowingBubbles_416x240_50,32,393.125,32.8352625,C:\Users\LQ Duy\Documents\Project\VideoCoding\VVCSoftware_VTM\analyze\runs_out_ablation\COARSE\perf_ablate\ABLATE_SAO\BlowingBubbles_416x240_50\QP32\BlowingBubbles_416x240_50_QP32.log
perf_ablate,ABLATE_SAO,BlowingBubbles_416x240_50,37,206.25,30.31996875,C:\Users\LQ Duy\Documents\Project\VideoCoding\VVCSoftware_VTM\analyze\runs_out_ablation\COARSE\perf_ablate\ABLATE_SAO\BlowingBubbles_416x240_50\QP37\BlowingBubbles_416x240_50_QP37.log
perf_ablate,ABLATE_SAO,BasketballPass_416x240_50,27,455.325,38.891475,C:\Users\LQ Duy\Documents\Project\VideoCoding\VVCSoftware_VTM\analyze\runs_out_ablation\COARSE\perf_ablate\ABLATE_SAO\BasketballPass_416x240_50\QP27\BasketballPass_416x240_50_QP27.log
perf_ablate,ABLATE_SAO,BasketballPass_416x240_50,32,245.05,35.61524375,C:\Users\LQ Duy\Documents\Project\VideoCoding\VVCSoftware_VTM\analyze\runs_out_ablation\COARSE\perf_ablate\ABLATE_SAO\BasketballPass_416x240_50\QP32\BasketballPass_416x240_50_QP32.log
perf_ablate,ABLATE_SAO,BasketballPass_416x240_50,37,133.15,32.85223125,C:\Users\LQ Duy\Documents\Project\VideoCoding\VVCSoftware_VTM\analyze\runs_out_ablation\COARSE\perf_ablate\ABLATE_SAO\BasketballPass_416x240_50\QP37\BasketballPass_416x240_50_QP37.log
perf_ablate,ABLATE_SAO,BasketballDrive_1920x1080_50,27,3715.675,38.88559375,C:\Users\LQ Duy\Documents\Project\VideoCoding\VVCSoftware_VTM\analyze\runs_out_ablation\COARSE\perf_ablate\ABLATE_SAO\BasketballDrive_1920x1080_50\QP27\BasketballDrive_1920x1080_50_QP27.log
perf_ablate,ABLATE_SAO,BasketballDrive_1920x1080_50,32,1925.025,37.55105625,C:\Users\LQ Duy\Documents\Project\VideoCoding\VVCSoftware_VTM\analyze\runs_out_ablation\COARSE\perf_ablate\ABLATE_SAO\BasketballDrive_1920x1080_50\QP32\BasketballDrive_1920x1080_50_QP32.log
perf_ablate,ABLATE_SAO,BasketballDrive_1920x1080_50,37,1043.075,35.844875,C:\Users\LQ Duy\Documents\Project\VideoCoding\VVCSoftware_VTM\analyze\runs_out_ablation\COARSE\perf_ablate\ABLATE_SAO\BasketballDrive_1920x1080_50\QP37\BasketballDrive_1920x1080_50_QP37.log
perf_ablate,ABLATE_SAO,BasketballDrill_832x480_50,27,6273.475,36.2310125,C:\Users\LQ Duy\Documents\Project\VideoCoding\VVCSoftware_VTM\analyze\runs_out_ablation\COARSE\perf_ablate\ABLATE_SAO\BasketballDrill_832x480_50\QP27\BasketballDrill_832x480_50_QP27.log
perf_ablate,ABLATE_SAO,BasketballDrill_832x480_50,32,3361.95,32.77753125,C:\Users\LQ Duy\Documents\Project\VideoCoding\VVCSoftware_VTM\analyze\runs_out_ablation\COARSE\perf_ablate\ABLATE_SAO\BasketballDrill_832x480_50\QP32\BasketballDrill_832x480_50_QP32.log
perf_ablate,ABLATE_SAO,BasketballDrill_832x480_50,37,1725.9,29.8167125,C:\Users\LQ Duy\Documents\Project\VideoCoding\VVCSoftware_VTM\analyze\runs_out_ablation\COARSE\perf_ablate\ABLATE_SAO\BasketballDrill_832x480_50\QP37\BasketballDrill_832x480_50_QP37.log
perf_ablate,ABLATE_RDOQ,BQTerrace_1920x1080_60,27,9152.55,35.608475,C:\Users\LQ Duy\Documents\Project\VideoCoding\VVCSoftware_VTM\analyze\runs_out_ablation\COARSE\perf_ablate\ABLATE_RDOQ\BQTerrace_1920x1080_60\QP27\BQTerrace_1920x1080_60_QP27.log
perf_ablate,ABLATE_RDOQ,BQTerrace_1920x1080_60,32,4654.59,34.1452,C:\Users\LQ Duy\Documents\Project\VideoCoding\VVCSoftware_VTM\analyze\runs_out_ablation\COARSE\perf_ablate\ABLATE_RDOQ\BQTerrace_1920x1080_60\QP32\BQTerrace_1920x1080_60_QP32.log
perf_ablate,ABLATE_RDOQ,BQTerrace_1920x1080_60,37,2510.49,32.35043125,C:\Users\LQ Duy\Documents\Project\VideoCoding\VVCSoftware_VTM\analyze\runs_out_ablation\COARSE\perf_ablate\ABLATE_RDOQ\BQTerrace_1920x1080_60\QP37\BQTerrace_1920x1080_60_QP37.log
perf_ablate,ABLATE_RDOQ,BlowingBubbles_416x240_50,27,771.7,35.5373875,C:\Users\LQ Duy\Documents\Project\VideoCoding\VVCSoftware_VTM\analyze\runs_out_ablation\COARSE\perf_ablate\ABLATE_RDOQ\BlowingBubbles_416x240_50\QP27\BlowingBubbles_416x240_50_QP27.log
perf_ablate,ABLATE_RDOQ,BlowingBubbles_416x240_50,32,412.45,32.8581875,C:\Users\LQ Duy\Documents\Project\VideoCoding\VVCSoftware_VTM\analyze\runs_out_ablation\COARSE\perf_ablate\ABLATE_RDOQ\BlowingBubbles_416x240_50\QP32\BlowingBubbles_416x240_50_QP32.log
perf_ablate,ABLATE_RDOQ,BlowingBubbles_416x240_50,37,219.15,30.4039625,C:\Users\LQ Duy\Documents\Project\VideoCoding\VVCSoftware_VTM\analyze\runs_out_ablation\COARSE\perf_ablate\ABLATE_RDOQ\BlowingBubbles_416x240_50\QP37\BlowingBubbles_416x240_50_QP37.log
perf_ablate,ABLATE_RDOQ,BasketballPass_416x240_50,27,470.95,38.73725625,C:\Users\LQ Duy\Documents\Project\VideoCoding\VVCSoftware_VTM\analyze\runs_out_ablation\COARSE\perf_ablate\ABLATE_RDOQ\BasketballPass_416x240_50\QP27\BasketballPass_416x240_50_QP27.log
perf_ablate,ABLATE_RDOQ,BasketballPass_416x240_50,32,256.2,35.630275,C:\Users\LQ Duy\Documents\Project\VideoCoding\VVCSoftware_VTM\analyze\runs_out_ablation\COARSE\perf_ablate\ABLATE_RDOQ\BasketballPass_416x240_50\QP32\BasketballPass_416x240_50_QP32.log
perf_ablate,ABLATE_RDOQ,BasketballPass_416x240_50,37,141.875,33.00838125,C:\Users\LQ Duy\Documents\Project\VideoCoding\VVCSoftware_VTM\analyze\runs_out_ablation\COARSE\perf_ablate\ABLATE_RDOQ\BasketballPass_416x240_50\QP37\BasketballPass_416x240_50_QP37.log
perf_ablate,ABLATE_RDOQ,BasketballDrive_1920x1080_50,27,3894.625,38.825225,C:\Users\LQ Duy\Documents\Project\VideoCoding\VVCSoftware_VTM\analyze\runs_out_ablation\COARSE\perf_ablate\ABLATE_RDOQ\BasketballDrive_1920x1080_50\QP27\BasketballDrive_1920x1080_50_QP27.log
perf_ablate,ABLATE_RDOQ,BasketballDrive_1920x1080_50,32,2027.875,37.5063375,C:\Users\LQ Duy\Documents\Project\VideoCoding\VVCSoftware_VTM\analyze\runs_out_ablation\COARSE\perf_ablate\ABLATE_RDOQ\BasketballDrive_1920x1080_50\QP32\BasketballDrive_1920x1080_50_QP32.log
perf_ablate,ABLATE_RDOQ,BasketballDrive_1920x1080_50,37,1090.55,35.823425,C:\Users\LQ Duy\Documents\Project\VideoCoding\VVCSoftware_VTM\analyze\runs_out_ablation\COARSE\perf_ablate\ABLATE_RDOQ\BasketballDrive_1920x1080_50\QP37\BasketballDrive_1920x1080_50_QP37.log
perf_ablate,ABLATE_RDOQ,BasketballDrill_832x480_50,27,6265.325,36.009725,C:\Users\LQ Duy\Documents\Project\VideoCoding\VVCSoftware_VTM\analyze\runs_out_ablation\COARSE\perf_ablate\ABLATE_RDOQ\BasketballDrill_832x480_50\QP27\BasketballDrill_832x480_50_QP27.log
perf_ablate,ABLATE_RDOQ,BasketballDrill_832x480_50,32,3385.25,32.69176875,C:\Users\LQ Duy\Documents\Project\VideoCoding\VVCSoftware_VTM\analyze\runs_out_ablation\COARSE\perf_ablate\ABLATE_RDOQ\BasketballDrill_832x480_50\QP32\BasketballDrill_832x480_50_QP32.log
perf_ablate,ABLATE_RDOQ,BasketballDrill_832x480_50,37,1747.15,29.8073375,C:\Users\LQ Duy\Documents\Project\VideoCoding\VVCSoftware_VTM\analyze\runs_out_ablation\COARSE\perf_ablate\ABLATE_RDOQ\BasketballDrill_832x480_50\QP37\BasketballDrill_832x480_50_QP37.log
perf_ablate,ABLATE_Deblock,BQTerrace_1920x1080_60,27,8707.44,35.63120625,C:\Users\LQ Duy\Documents\Project\VideoCoding\VVCSoftware_VTM\analyze\runs_out_ablation\COARSE\perf_ablate\ABLATE_Deblock\BQTerrace_1920x1080_60\QP27\BQTerrace_1920x1080_60_QP27.log
perf_ablate,ABLATE_Deblock,BQTerrace_1920x1080_60,32,4397.01,34.10586875,C:\Users\LQ Duy\Documents\Project\VideoCoding\VVCSoftware_VTM\analyze\runs_out_ablation\COARSE\perf_ablate\ABLATE_Deblock\BQTerrace_1920x1080_60\QP32\BQTerrace_1920x1080_60_QP32.log
perf_ablate,ABLATE_Deblock,BQTerrace_1920x1080_60,37,2347.47,32.24333125,C:\Users\LQ Duy\Documents\Project\VideoCoding\VVCSoftware_VTM\analyze\runs_out_ablation\COARSE\perf_ablate\ABLATE_Deblock\BQTerrace_1920x1080_60\QP37\BQTerrace_1920x1080_60_QP37.log
perf_ablate,ABLATE_Deblock,BlowingBubbles_416x240_50,27,749.175,35.61385625,C:\Users\LQ Duy\Documents\Project\VideoCoding\VVCSoftware_VTM\analyze\runs_out_ablation\COARSE\perf_ablate\ABLATE_Deblock\BlowingBubbles_416x240_50\QP27\BlowingBubbles_416x240_50_QP27.log
perf_ablate,ABLATE_Deblock,BlowingBubbles_416x240_50,32,392.55,32.7847,C:\Users\LQ Duy\Documents\Project\VideoCoding\VVCSoftware_VTM\analyze\runs_out_ablation\COARSE\perf_ablate\ABLATE_Deblock\BlowingBubbles_416x240_50\QP32\BlowingBubbles_416x240_50_QP32.log
perf_ablate,ABLATE_Deblock,BlowingBubbles_416x240_50,37,207.6,30.2799,C:\Users\LQ Duy\Documents\Project\VideoCoding\VVCSoftware_VTM\analyze\runs_out_ablation\COARSE\perf_ablate\ABLATE_Deblock\BlowingBubbles_416x240_50\QP37\BlowingBubbles_416x240_50_QP37.log
perf_ablate,ABLATE_Deblock,BasketballPass_416x240_50,27,454.95,38.81350625,C:\Users\LQ Duy\Documents\Project\VideoCoding\VVCSoftware_VTM\analyze\runs_out_ablation\COARSE\perf_ablate\ABLATE_Deblock\BasketballPass_416x240_50\QP27\BasketballPass_416x240_50_QP27.log
perf_ablate,ABLATE_Deblock,BasketballPass_416x240_50,32,242.85,35.5128125,C:\Users\LQ Duy\Documents\Project\VideoCoding\VVCSoftware_VTM\analyze\runs_out_ablation\COARSE\perf_ablate\ABLATE_Deblock\BasketballPass_416x240_50\QP32\BasketballPass_416x240_50_QP32.log
perf_ablate,ABLATE_Deblock,BasketballPass_416x240_50,37,133.15,32.79895,C:\Users\LQ Duy\Documents\Project\VideoCoding\VVCSoftware_VTM\analyze\runs_out_ablation\COARSE\perf_ablate\ABLATE_Deblock\BasketballPass_416x240_50\QP37\BasketballPass_416x240_50_QP37.log
perf_ablate,ABLATE_Deblock,BasketballDrive_1920x1080_50,27,3715.725,38.8558625,C:\Users\LQ Duy\Documents\Project\VideoCoding\VVCSoftware_VTM\analyze\runs_out_ablation\COARSE\perf_ablate\ABLATE_Deblock\BasketballDrive_1920x1080_50\QP27\BasketballDrive_1920x1080_50_QP27.log
perf_ablate,ABLATE_Deblock,BasketballDrive_1920x1080_50,32,1928.55,37.474025,C:\Users\LQ Duy\Documents\Project\VideoCoding\VVCSoftware_VTM\analyze\runs_out_ablation\COARSE\perf_ablate\ABLATE_Deblock\BasketballDrive_1920x1080_50\QP32\BasketballDrive_1920x1080_50_QP32.log
perf_ablate,ABLATE_Deblock,BasketballDrive_1920x1080_50,37,1049.2,35.7333625,C:\Users\LQ Duy\Documents\Project\VideoCoding\VVCSoftware_VTM\analyze\runs_out_ablation\COARSE\perf_ablate\ABLATE_Deblock\BasketballDrive_1920x1080_50\QP37\BasketballDrive_1920x1080_50_QP37.log
perf_ablate,ABLATE_Deblock,BasketballDrill_832x480_50,27,6272.575,36.192781249999996,C:\Users\LQ Duy\Documents\Project\VideoCoding\VVCSoftware_VTM\analyze\runs_out_ablation\COARSE\perf_ablate\ABLATE_Deblock\BasketballDrill_832x480_50\QP27\BasketballDrill_832x480_50_QP27.log
perf_ablate,ABLATE_Deblock,BasketballDrill_832x480_50,32,3366.275,32.7288,C:\Users\LQ Duy\Documents\Project\VideoCoding\VVCSoftware_VTM\analyze\runs_out_ablation\COARSE\perf_ablate\ABLATE_Deblock\BasketballDrill_832x480_50\QP32\BasketballDrill_832x480_50_QP32.log
perf_ablate,ABLATE_Deblock,BasketballDrill_832x480_50,37,1719.75,29.720625,C:\Users\LQ Duy\Documents\Project\VideoCoding\VVCSoftware_VTM\analyze\runs_out_ablation\COARSE\perf_ablate\ABLATE_Deblock\BasketballDrill_832x480_50\QP37\BasketballDrill_832x480_50_QP37.log
perf_ablate,ABLATE_ALF,BQTerrace_1920x1080_60,27,8691.96,35.53509375,C:\Users\LQ Duy\Documents\Project\VideoCoding\VVCSoftware_VTM\analyze\runs_out_ablation\COARSE\perf_ablate\ABLATE_ALF\BQTerrace_1920x1080_60\QP27\BQTerrace_1920x1080_60_QP27.log
perf_ablate,ABLATE_ALF,BQTerrace_1920x1080_60,32,4379.64,33.99281875,C:\Users\LQ Duy\Documents\Project\VideoCoding\VVCSoftware_VTM\analyze\runs_out_ablation\COARSE\perf_ablate\ABLATE_ALF\BQTerrace_1920x1080_60\QP32\BQTerrace_1920x1080_60_QP32.log
perf_ablate,ABLATE_ALF,BQTerrace_1920x1080_60,37,2344.59,32.1180625,C:\Users\LQ Duy\Documents\Project\VideoCoding\VVCSoftware_VTM\analyze\runs_out_ablation\COARSE\perf_ablate\ABLATE_ALF\BQTerrace_1920x1080_60\QP37\BQTerrace_1920x1080_60_QP37.log
perf_ablate,ABLATE_ALF,BlowingBubbles_416x240_50,27,740.375,35.49506875,C:\Users\LQ Duy\Documents\Project\VideoCoding\VVCSoftware_VTM\analyze\runs_out_ablation\COARSE\perf_ablate\ABLATE_ALF\BlowingBubbles_416x240_50\QP27\BlowingBubbles_416x240_50_QP27.log
perf_ablate,ABLATE_ALF,BlowingBubbles_416x240_50,32,390.925,32.783018750000004,C:\Users\LQ Duy\Documents\Project\VideoCoding\VVCSoftware_VTM\analyze\runs_out_ablation\COARSE\perf_ablate\ABLATE_ALF\BlowingBubbles_416x240_50\QP32\BlowingBubbles_416x240_50_QP32.log
perf_ablate,ABLATE_ALF,BlowingBubbles_416x240_50,37,205.1,30.26025625,C:\Users\LQ Duy\Documents\Project\VideoCoding\VVCSoftware_VTM\analyze\runs_out_ablation\COARSE\perf_ablate\ABLATE_ALF\BlowingBubbles_416x240_50\QP37\BlowingBubbles_416x240_50_QP37.log
perf_ablate,ABLATE_ALF,BasketballPass_416x240_50,27,449.925,38.8073,C:\Users\LQ Duy\Documents\Project\VideoCoding\VVCSoftware_VTM\analyze\runs_out_ablation\COARSE\perf_ablate\ABLATE_ALF\BasketballPass_416x240_50\QP27\BasketballPass_416x240_50_QP27.log
perf_ablate,ABLATE_ALF,BasketballPass_416x240_50,32,243.275,35.57071875,C:\Users\LQ Duy\Documents\Project\VideoCoding\VVCSoftware_VTM\analyze\runs_out_ablation\COARSE\perf_ablate\ABLATE_ALF\BasketballPass_416x240_50\QP32\BasketballPass_416x240_50_QP32.log
perf_ablate,ABLATE_ALF,BasketballPass_416x240_50,37,132.375,32.81776875,C:\Users\LQ Duy\Documents\Project\VideoCoding\VVCSoftware_VTM\analyze\runs_out_ablation\COARSE\perf_ablate\ABLATE_ALF\BasketballPass_416x240_50\QP37\BasketballPass_416x240_50_QP37.log
perf_ablate,ABLATE_ALF,BasketballDrive_1920x1080_50,27,3691.225,38.8180875,C:\Users\LQ Duy\Documents\Project\VideoCoding\VVCSoftware_VTM\analyze\runs_out_ablation\COARSE\perf_ablate\ABLATE_ALF\BasketballDrive_1920x1080_50\QP27\BasketballDrive_1920x1080_50_QP27.log
perf_ablate,ABLATE_ALF,BasketballDrive_1920x1080_50,32,1911.275,37.46209375,C:\Users\LQ Duy\Documents\Project\VideoCoding\VVCSoftware_VTM\analyze\runs_out_ablation\COARSE\perf_ablate\ABLATE_ALF\BasketballDrive_1920x1080_50\QP32\BasketballDrive_1920x1080_50_QP32.log
perf_ablate,ABLATE_ALF,BasketballDrive_1920x1080_50,37,1039.55,35.7661,C:\Users\LQ Duy\Documents\Project\VideoCoding\VVCSoftware_VTM\analyze\runs_out_ablation\COARSE\perf_ablate\ABLATE_ALF\BasketballDrive_1920x1080_50\QP37\BasketballDrive_1920x1080_50_QP37.log
perf_ablate,ABLATE_ALF,BasketballDrill_832x480_50,27,6255.325,36.0952625,C:\Users\LQ Duy\Documents\Project\VideoCoding\VVCSoftware_VTM\analyze\runs_out_ablation\COARSE\perf_ablate\ABLATE_ALF\BasketballDrill_832x480_50\QP27\BasketballDrill_832x480_50_QP27.log
perf_ablate,ABLATE_ALF,BasketballDrill_832x480_50,32,3349.55,32.60790625,C:\Users\LQ Duy\Documents\Project\VideoCoding\VVCSoftware_VTM\analyze\runs_out_ablation\COARSE\perf_ablate\ABLATE_ALF\BasketballDrill_832x480_50\QP32\BasketballDrill_832x480_50_QP32.log
perf_ablate,ABLATE_ALF,BasketballDrill_832x480_50,37,1717.0,29.63573125,C:\Users\LQ Duy\Documents\Project\VideoCoding\VVCSoftware_VTM\analyze\runs_out_ablation\COARSE\perf_ablate\ABLATE_ALF\BasketballDrill_832x480_50\QP37\BasketballDrill_832x480_50_QP37.log
baseline,Baseline_Ref,BQTerrace_1920x1080_60,27,8709.78,35.636849999999995,C:\Users\LQ Duy\Documents\Project\VideoCoding\VVCSoftware_VTM\analyze\runs_out_ablation\COARSE\baselines\Baseline_Ref\BQTerrace_1920x1080_60\QP27\BQTerrace_1920x1080_60_QP27.log
baseline,Baseline_Ref,BQTerrace_1920x1080_60,32,4419.6,34.131675,C:\Users\LQ Duy\Documents\Project\VideoCoding\VVCSoftware_VTM\analyze\runs_out_ablation\COARSE\baselines\Baseline_Ref\BQTerrace_1920x1080_60\QP32\BQTerrace_1920x1080_60_QP32.log
baseline,Baseline_Ref,BQTerrace_1920x1080_60,37,2357.22,32.26374375,C:\Users\LQ Duy\Documents\Project\VideoCoding\VVCSoftware_VTM\analyze\runs_out_ablation\COARSE\baselines\Baseline_Ref\BQTerrace_1920x1080_60\QP37\BQTerrace_1920x1080_60_QP37.log
baseline,Baseline_Ref,BlowingBubbles_416x240_50,27,746.525,35.66253125,C:\Users\LQ Duy\Documents\Project\VideoCoding\VVCSoftware_VTM\analyze\runs_out_ablation\COARSE\baselines\Baseline_Ref\BlowingBubbles_416x240_50\QP27\BlowingBubbles_416x240_50_QP27.log
baseline,Baseline_Ref,BlowingBubbles_416x240_50,32,394.975,32.85503125,C:\Users\LQ Duy\Documents\Project\VideoCoding\VVCSoftware_VTM\analyze\runs_out_ablation\COARSE\baselines\Baseline_Ref\BlowingBubbles_416x240_50\QP32\BlowingBubbles_416x240_50_QP32.log
baseline,Baseline_Ref,BlowingBubbles_416x240_50,37,206.325,30.3198875,C:\Users\LQ Duy\Documents\Project\VideoCoding\VVCSoftware_VTM\analyze\runs_out_ablation\COARSE\baselines\Baseline_Ref\BlowingBubbles_416x240_50\QP37\BlowingBubbles_416x240_50_QP37.log
baseline,Baseline_Ref,BasketballPass_416x240_50,27,452.95,38.87681875,C:\Users\LQ Duy\Documents\Project\VideoCoding\VVCSoftware_VTM\analyze\runs_out_ablation\COARSE\baselines\Baseline_Ref\BasketballPass_416x240_50\QP27\BasketballPass_416x240_50_QP27.log
baseline,Baseline_Ref,BasketballPass_416x240_50,32,243.225,35.57781875,C:\Users\LQ Duy\Documents\Project\VideoCoding\VVCSoftware_VTM\analyze\runs_out_ablation\COARSE\baselines\Baseline_Ref\BasketballPass_416x240_50\QP32\BasketballPass_416x240_50_QP32.log
baseline,Baseline_Ref,BasketballPass_416x240_50,37,132.9,32.85328125,C:\Users\LQ Duy\Documents\Project\VideoCoding\VVCSoftware_VTM\analyze\runs_out_ablation\COARSE\baselines\Baseline_Ref\BasketballPass_416x240_50\QP37\BasketballPass_416x240_50_QP37.log
baseline,Baseline_Ref,BasketballDrive_1920x1080_50,27,3718.325,38.88678125,C:\Users\LQ Duy\Documents\Project\VideoCoding\VVCSoftware_VTM\analyze\runs_out_ablation\COARSE\baselines\Baseline_Ref\BasketballDrive_1920x1080_50\QP27\BasketballDrive_1920x1080_50_QP27.log
baseline,Baseline_Ref,BasketballDrive_1920x1080_50,32,1936.725,37.560975,C:\Users\LQ Duy\Documents\Project\VideoCoding\VVCSoftware_VTM\analyze\runs_out_ablation\COARSE\baselines\Baseline_Ref\BasketballDrive_1920x1080_50\QP32\BasketballDrive_1920x1080_50_QP32.log
baseline,Baseline_Ref,BasketballDrive_1920x1080_50,37,1046.125,35.84273125,C:\Users\LQ Duy\Documents\Project\VideoCoding\VVCSoftware_VTM\analyze\runs_out_ablation\COARSE\baselines\Baseline_Ref\BasketballDrive_1920x1080_50\QP37\BasketballDrive_1920x1080_50_QP37.log
baseline,Baseline_Ref,BasketballDrill_832x480_50,27,6275.15,36.23859375,C:\Users\LQ Duy\Documents\Project\VideoCoding\VVCSoftware_VTM\analyze\runs_out_ablation\COARSE\baselines\Baseline_Ref\BasketballDrill_832x480_50\QP27\BasketballDrill_832x480_50_QP27.log
baseline,Baseline_Ref,BasketballDrill_832x480_50,32,3360.55,32.77019375,C:\Users\LQ Duy\Documents\Project\VideoCoding\VVCSoftware_VTM\analyze\runs_out_ablation\COARSE\baselines\Baseline_Ref\BasketballDrill_832x480_50\QP32\BasketballDrill_832x480_50_QP32.log
baseline,Baseline_Ref,BasketballDrill_832x480_50,37,1730.55,29.8205125,C:\Users\LQ Duy\Documents\Project\VideoCoding\VVCSoftware_VTM\analyze\runs_out_ablation\COARSE\baselines\Baseline_Ref\BasketballDrill_832x480_50\QP37\BasketballDrill_832x480_50_QP37.log
baseline,Baseline_Min,BQTerrace_1920x1080_60,27,11710.16,35.63484166666667,C:\Users\LQ Duy\Documents\Project\VideoCoding\VVCSoftware_VTM\analyze\runs_out_ablation\COARSE\baselines\Baseline_Min\BQTerrace_1920x1080_60\QP27\BQTerrace_1920x1080_60_QP27.log
baseline,Baseline_Min,BQTerrace_1920x1080_60,32,4603.35,33.9648375,C:\Users\LQ Duy\Documents\Project\VideoCoding\VVCSoftware_VTM\analyze\runs_out_ablation\COARSE\baselines\Baseline_Min\BQTerrace_1920x1080_60\QP32\BQTerrace_1920x1080_60_QP32.log
baseline,Baseline_Min,BQTerrace_1920x1080_60,37,2494.29,32.17696875,C:\Users\LQ Duy\Documents\Project\VideoCoding\VVCSoftware_VTM\analyze\runs_out_ablation\COARSE\baselines\Baseline_Min\BQTerrace_1920x1080_60\QP37\BQTerrace_1920x1080_60_QP37.log
baseline,Baseline_Min,BlowingBubbles_416x240_50,27,765.975,35.3923375,C:\Users\LQ Duy\Documents\Project\VideoCoding\VVCSoftware_VTM\analyze\runs_out_ablation\COARSE\baselines\Baseline_Min\BlowingBubbles_416x240_50\QP27\BlowingBubbles_416x240_50_QP27.log
baseline,Baseline_Min,BlowingBubbles_416x240_50,32,407.075,32.7614125,C:\Users\LQ Duy\Documents\Project\VideoCoding\VVCSoftware_VTM\analyze\runs_out_ablation\COARSE\baselines\Baseline_Min\BlowingBubbles_416x240_50\QP32\BlowingBubbles_416x240_50_QP32.log
baseline,Baseline_Min,BlowingBubbles_416x240_50,37,217.175,30.3043875,C:\Users\LQ Duy\Documents\Project\VideoCoding\VVCSoftware_VTM\analyze\runs_out_ablation\COARSE\baselines\Baseline_Min\BlowingBubbles_416x240_50\QP37\BlowingBubbles_416x240_50_QP37.log
baseline,Baseline_Min,BasketballPass_416x240_50,27,470.125,38.64419375,C:\Users\LQ Duy\Documents\Project\VideoCoding\VVCSoftware_VTM\analyze\runs_out_ablation\COARSE\baselines\Baseline_Min\BasketballPass_416x240_50\QP27\BasketballPass_416x240_50_QP27.log
baseline,Baseline_Min,BasketballPass_416x240_50,32,255.025,35.50303125,C:\Users\LQ Duy\Documents\Project\VideoCoding\VVCSoftware_VTM\analyze\runs_out_ablation\COARSE\baselines\Baseline_Min\BasketballPass_416x240_50\QP32\BasketballPass_416x240_50_QP32.log
baseline,Baseline_Min,BasketballPass_416x240_50,37,138.35,32.76853125,C:\Users\LQ Duy\Documents\Project\VideoCoding\VVCSoftware_VTM\analyze\runs_out_ablation\COARSE\baselines\Baseline_Min\BasketballPass_416x240_50\QP37\BasketballPass_416x240_50_QP37.log
baseline,Baseline_Min,BasketballDrive_1920x1080_50,27,6259.028571428572,38.956,C:\Users\LQ Duy\Documents\Project\VideoCoding\VVCSoftware_VTM\analyze\runs_out_ablation\COARSE\baselines\Baseline_Min\BasketballDrive_1920x1080_50\QP27\BasketballDrive_1920x1080_50_QP27.log
baseline,Baseline_Min,BasketballDrive_1920x1080_50,32,2672.32,37.51619,C:\Users\LQ Duy\Documents\Project\VideoCoding\VVCSoftware_VTM\analyze\runs_out_ablation\COARSE\baselines\Baseline_Min\BasketballDrive_1920x1080_50\QP32\BasketballDrive_1920x1080_50_QP32.log
baseline,Baseline_Min,BasketballDrive_1920x1080_50,37,1084.65,35.61726875,C:\Users\LQ Duy\Documents\Project\VideoCoding\VVCSoftware_VTM\analyze\runs_out_ablation\COARSE\baselines\Baseline_Min\BasketballDrive_1920x1080_50\QP37\BasketballDrive_1920x1080_50_QP37.log
baseline,Baseline_Min,BasketballDrill_832x480_50,27,6243.2,35.83485625,C:\Users\LQ Duy\Documents\Project\VideoCoding\VVCSoftware_VTM\analyze\runs_out_ablation\COARSE\baselines\Baseline_Min\BasketballDrill_832x480_50\QP27\BasketballDrill_832x480_50_QP27.log
baseline,Baseline_Min,BasketballDrill_832x480_50,32,3376.175,32.47150625,C:\Users\LQ Duy\Documents\Project\VideoCoding\VVCSoftware_VTM\analyze\runs_out_ablation\COARSE\baselines\Baseline_Min\BasketballDrill_832x480_50\QP32\BasketballDrill_832x480_50_QP32.log
baseline,Baseline_Min,BasketballDrill_832x480_50,37,1742.475,29.58238125,C:\Users\LQ Duy\Documents\Project\VideoCoding\VVCSoftware_VTM\analyze\runs_out_ablation\COARSE\baselines\Baseline_Min\BasketballDrill_832x480_50\QP37\BasketballDrill_832x480_50_QP37.log
